faust,fist
teil,part
naht,seam
schwankende,swaying
gestalten,design
früh,early
einst,once
trüben,tarnish
blick,view
gezeigt,shown
versuch,attempt
wohl,probably
diesmal,this time
festzuhalten,hold on
fühl,feel
herz,heart
wahn,delusional
geneigt,inclined
drängt,urges
mögt,like
walten,prevail
dunst,haze
nebel,fog
steigt,increases
busen,bosom
fühlt,feels
jugendlich,youthful
erschüttert,shocked
zauberhauch,magic breath
zug,train
umwittert,weathered
bringt,brings
bilder,pictures
froher,happier
tage,days
liebe,love
schatten,the shade
steigen,climb
gleich,even
alten,old
halbverklungnen,half faded
sage,legend
kommt,comes
erste,first
lieb,dear
freundschaft,Friendship
herauf,up
schmerz,pain
wiederholt,repeated
klage,legal action
lebens,life
labyrinthisch,labyrinthine
irren,err
lauf,run
nennt,names
guten,good
schöne,lovely
stunden,hours
glück,happiness
getäuscht,deceived
hinweggeschwunden,gone away
hören,hear
folgenden,following
gesänge,chants
seelen,souls
denen,those
ersten,first
sang,sang
zerstoben,crushed
freundliche,friendly
gedränge,hustle
verklungen,faded away
ach,Oh
widerklang,echoed
lied,song
ertönt,sounds
unbekannten,unknown
menge,crowd
beifall,applause
macht,might
herzen,hearts
bang,bang
erfreuet,pleased
lebt,lives
irrt,wrong
welt,world
zerstreuet,scattered
ergreift,seizes
längst,a long time ago
entwöhntes,weaned
sehnen,crave
stillen,breastfeed
ernsten,serious
geisterreich,spirited
schwebet,floats
unbestimmten,indefinite
tönen,sound
lispelnd,lisping
äolsharfe,aeolian harp
schauer,shower
faßt,grasps
träne,tear
folgt,follows
tränen,tears
strenge,strict
mild,mild
weich,soft
besitze,own
seh,see
weiten,dilate
verschwand,disappeared
wirklichkeiten,realities
direktor,director
theatherdichter,playwright
lustige,funny
person,person
beiden,both
not,not
trübsal,misery
beigestanden,assisted
sagt,says
deutschen,German
landen,land
unsrer,our
unternehmung,company
hofft,hopes
wünschte,wished
behagen,comfortable
besonders,particularly
leben,life
läßt,leaves
pfosten,post
bretter,boards
aufgeschlagen,pitched
jedermann,anyone
erwartet,expected
fest,firmly
sitzen,sit
hohen,high
augenbraunen,eyebrows
gelassen,calmly
erstaunen,astonish
weiß,white
geist,spirit
volks,folk
versöhnt,reconciled
verlegen,embarrassed
nie,never
beste,best
gewöhnt,used
schrecklich,terrible
gelesen,had read
frisch,fresh
bedeutung,meaning
gefällig,complacent
sei,may be
freilich,of course
mag,like
strom,electricity
bude,booth
gewaltig,enormous
wiederholten,repeated
wehen,blow
enge,tight
gnadenpforte,gate of grace
zwängt,forces
hellem,bright
vieren,four
stößen,bump
kasse,cash
ficht,fencing
hungersnot,famine
brot,bread
bäckertüren,bakery doors
billet,ticket
fast,nearly
hälse,necks
bricht,breaks
wunder,wonder
wirkt,works
verschiedne,different
leute,people
dichter,poet
freund,friend
tu,do
sprich,speak
bunten,colorful
deren,whose
anblick,sight
entflieht,escapes
verhülle,cover
wogende,heaving
wider,contrary
willen,sake
strudel,swirl
zieht,pulls
nein,no
führe,lead
himmelsenge,skysharp
reine,pure
freude,joy
blüht,blooms
unsres,ours
herzens,heart
segen,blessing
götterhand,divine hand
erschaffen,create
erpflegen,maintain
tiefer,deeper
brust,breast
entsprungen,sprung
lippe,lip
schüchtern,shy
vorgelallt,babbled
mißraten,fail
gelungen,succeded
verschlingt,devours
wilden,wild
augenblicks,right now
gewalt,force
durchgedrungen,penetrated
erscheint,appears
vollendeter,more accomplished
gestalt,shape
glänzt,shines
augenblick,moment
geboren,born
echte,real
bleibt,remains
nachwelt,posterity
unverloren,not lost
gesetzt,set
reden,talk
wer,who
machte,made
mitwelt,fellow world
spaß,fun
gegenwart,present
braven,brave
knaben,boys
dächt,thinks
behaglich,comfortable
mitzuteilen,share
volkes,people
laune,mood
erbittern,bitter
wünscht,wishes
großen,huge
kreis,circle
gewisser,certain
erschüttern,shake
drum,drum
seid,are
brav,well-behaved
zeigt,shows
musterhaft,exemplary
laßt,leaves
phantasie,imagination
chören,chorus
vernunft,reason
verstand,understanding
empfindung,sensation
leidenschaft,passion
merkt,notes
narrheit,folly
genug,enough
geschehn,happen
schaun,look
liebsten,dearest
sehn,see
vieles,many
augen,eyes
abgesponnen,spun
staunend,amazed
gaffen,gape
habt,have
breite,broad
gewonnen,won
vielgeliebter,beloved
mann,man
masse,Dimensions
könnt,can
zwingen,force
sucht,seeks
endlich,finally
geht,goes
zufrieden,satisfied
haus,a house
gebt,give
stück,piece
stücken,piece
solch,such
ragout,ragu
muß,must
glücken,succeed
leicht,light
vorgelegt,submitted
ausgedacht,thought up
hilft,helps
ganzes,whole
dargebracht,offered
publikum,audience
zerpflücken,pick apart
fühlet,feels
schlecht,bad
handwerk,craft
wenig,few
echten,real
künstler,Artist
zieme,befitting
saubern,clean
herren,Men's
pfuscherei,bungling
merk,remember
vorwurf,reproach
ungekränkt,unaffected
recht,right
wirken,works
denkt,thinks
werkzeug,tool
halten,hold
bedenkt,consider
habet,have
weiches,soft
holz,wood
spalten,columns
seht,look
wen,whom
schreibt,writes
langeweile,boredom
treibt,drives
satt,Fed up
übertischten,overdone
mahle,grind
allerschlimmste,worst
gar,even
lesen,read
journale,journals
eilt,rushes
zerstreut,scattered
maskenfesten,mask fest
neugier,curiosity
beflügelt,inspired
schritt,step
damen,ladies
geben,give
putz,plaster
besten,best
spielen,play
gage,fee
träumet,dreams
dichterhöhe,poet height
volles,full
froh,joyful
beseht,exists
gönner,patron
nähe,vicinity
roh,raw
schauspiel,play
kartenspiel,card game
wilde,wild
nacht,night
dirne,wench
plagt,plagues
armen,poor
toren,gates
zweck,purpose
holden,hold
musen,muse
sag,say
mehr,more
ziele,goals
verirren,get lost
menschen,people
verwirren,confuse
befriedigen,satisfy
schwer—,difficult-
fällt,falls
entzückung,delight
schmerzen,pains
geh,go
such,search
knecht,servant
höchste,highest
menschenrecht,human right
natur,nature
vergönnt,granted
deinetwillen,for your sake
freventlich,naughty
verscherzen,forsake
wodurch,through which
bewegt,emotional
besiegt,defeated
element,element
einklang,unified
dringt,penetrates
zurücke,back
schlingt,swallows
fadens,threads
ew,ew
ge,ge
länge,length
gleichgültig,indifferent
drehend,turning
spindel,spindle
zwingt,forces
wesen,being
unharmon,inharmonious
sche,she
verdrießlich,morose
durcheinander,mixed up
klingt,sounds
teilt,Splits
fließend,fluently
gleiche,same
reihe,row
belebend,invigorating
ab,away
rhythmisch,rhythmical
regt,rain
ruft,calls
einzelne,separate
allgemeinen,general
weihe,consecrate
herrlichen,glorious
akkorden,chords
schlägt,beats
sturm,storm
leidenschaften,passions
wüten,rage
abendrot,afterglow
sinne,mind
glühn,glow
schüttet,pours
schönen,beautiful
frühlingsblüten,spring blossoms
geliebten,beloved
pfade,paths
flicht,braids
unbedeutend,insignificant
grünen,green
blätter,leaves
ehrenkranz,honor wreath
verdiensten,earn
art,art
sichert,secures
olymp,Olympus
vereinet,united
götter,gods
kraft,power
offenbart,disclosed
braucht,needs
kräfte,forces
dichtrischen,poetic
geschäfte,businesses
liebesabenteuer,love adventure
zufällig,coincidentally
verflochten,intertwined
wächst,grows
angefochten,contested
entzückt,delighted
heran,approach
eh,uh
versieht,provides
eben,even
roman,novel
greift,grabs
hinein,in
volle,full
menschenleben,human lives
vielen,many
bekannt,known
packt,packs
interessant,Interesting
bildern,pictures
klarheit,clarity
irrtum,mistake
fünkchen,spark
wahrheit,truth
trank,drank
gebraut,brewed
erquickt,refreshed
auferbaut,built up
sammelt,collects
jugend,youth
schönste,most beautiful
blüte,blossom
spiel,game
lauscht,listens
offenbarung,epiphany
sauget,sucks
zärtliche,tender
gemüte,mood
werk,plant
melanchol,melancholy
nahrung,food
aufgeregt,upset
sieht,sees
trägt,carries
bereit,ready
weinen,cry
lachen,laugh
ehren,honor
schwung,swing
erfreuen,delight
schein,shine
fertig,complete
werdender,becoming
dankbar,thankful
gib,give
zeiten,times
quell,source
gedrängter,crowded
lieder,Songs
ununterbrochen,uninterrupted
gebar,gave birth
verhüllten,cloaked
knospe,bud
versprach,promised
tausend,thousand
blumen,flower
brach,broke
täler,Valleys
reichlich,plentiful
füllten,filled
drang,urge
lust,desire
trug,wore
ungebändigt,untamed
triebe,drive
tiefe,depth
schmerzenvolle,painful
hasses,hates it
zurück,return
guter,goods
bedarfst,require
allenfalls,at most
schlachten,Butcher
feinde,enemies
drängen,push
hals,neck
allerliebste,dearest
mädchen,girl
hängen,hang
fern,remote
schnellen,fast
laufes,running
kranz,wreath
schwer,difficult
erreichten,reached
winket,waves
heft,notebook
gen,gene
wirbeltanz,whirl dance
nächte,nights
schmausend,feasting
vertrinket,drunk
bekannte,acquaintance
saitenspiel,string game
mut,courage
anmut,Gracefulness
einzugreifen,intervene
selbstgesteckten,self-made
ziel,goal
holdem,hold'em
hinzuschweifen,digress
alte,old
herrn,Mr
pflicht,duty
verehren,worship
darum,therefore
minder,less
alter,age
kindisch,childish
spricht,speaks
findet,finds
wahre,real
kinder,children
worte,words
gewechselt,changed
taten,did
indes,however
komplimente,compliments
drechselt,turns
nützliches,useful
stimmung,mood
zaudernden,procrastinating
poeten,poets
kommandiert,commanded
poesie,poetry
bedürfen,require
stark,strong
getränke,beverages
schlürfen,slurping
braut,bride
unverzüglich,immediately
dran,your turn
geschieht,happens
getan,did
tag,Day
verpassen,miss
mögliche,possible
entschluß,decision
beherzt,courageous
sogleich,immediately
beim,at the
schopfe,chop
fassen,grasp
fahren,drive
lassen,permit
wirket,works
wißt,know
unsern,ours
bühnen,stage
probiert,tried
schonet,spares
prospekte,brochures
maschinen,machinery
gebraucht,needed
kleine,small
himmelslicht,skylight
sterne,Stars
dürfet,may
verschwenden,waste
wasser,water
feuer,fire
felsenwänden,rock walls
tier,animal
vögeln,fuck
fehlt,is missing
schreitet,strides
engen,tight
bretterhaus,board house
ganzen,entire
schöpfung,creation
wandelt,walks
bedächt,considered
ger,eng
schnelle,fast
himmel,heaven
hölle,hell
herr,Mr
himmlischen,heavenly
heerscharen,armies
nachher,afterward
drei,three
erzengel,archangel
treten,step
raphael,raphael
sonne,sun
tönt,sounds
weise,way
brudersphären,brother spheres
wettgesang,singing competition
vorgeschriebne,required
reise,trip
vollendet,accomplished
donnergang,thunder
gibt,gives
engeln,angels
stärke,strength
ergründen,fathom
unbegreiflich,incomprehensible
werke,factories
herrlich,splendid
gabriel,gabriel
schnell,fast
dreht,rotates
umher,around
erde,earth
pracht,splendor
wechselt,changes
paradieseshelle,paradise light
schauervoller,chilling
schäumt,foams
meer,sea
breiten,wide
flüssen,rivers
tiefen,depths
grund,ground
felsen,rock
fels,rock
fortgerissen,torn away
ewig,eternal
schnellem,fast
sphärenlauf,sphere run
michael,Michael
stürme,storms
brausen,roar
wette,bet
aufs,onto
land,country
bilden,form
wütend,furious
kette,chain
tiefsten,deepest
wirkung,effect
rings,around
flammt,flames
blitzendes,flashing
verheeren,devastate
donnerschlags,thunderclap
boten,messengers
sanfte,litter
wandeln,walk
nahst,near
fragst,ask
befinde,located
gewöhnlich,usually
sahst,saw
siehst,see
gesinde,servants
verzeih,forgive
hohe,height
ganze,entire
verhöhnt,mocked
pathos,pathos
brächte,would bring
gewiß,certainly
hättst,would have
abgewöhnt,weaned
sonn,sun
welten,worlds
sagen,say
sehe,see
plagen,plague
gott,God
stets,always
gleichem,same
schlag,blow
wunderlich,whimsical
besser,better
würd,would
himmelslichts,skylight
gegeben,given
tierischer,animal
scheint,appears
verlaub,allow
gnaden,grace
langbeinigen,leggy
zikaden,cicadas
fliegt,flies
fliegend,flying
springt,jumps
gras,grass
altes,old one
liedchen,ditty
singt,sings
läg,lying
grase,graze
quark,Quark
begräbt,buried
nase,nose
hast,have
kommst,come
anzuklagen,accuse
find,find
herzlich,heartfelt
dauern,last
jammertagen,days of misery
sogar,even
kennst,know
doktor,doctor
fürwahr,indeed
dient,serves
besondre,special
irdisch,earthly
speise,food
gärung,fermentation
ferne,distance
tollheit,awesome
bewußt,consciously
fordert,demands
schönsten,most beautiful
näh,sew
befriedigt,satisfied
tiefbewegte,deeply moved
verworren,confused
werd,will
führen,lead
gärtner,gardener
bäumchen,tree
grünt,greens
blüt,flowers
frucht,fruit
künft,future
zieren,adorn
wettet,weather
sollt,should
verlieren,lose
erlaubnis,permission
straße,street
sacht,gently
solang,so long
lange,longing
verboten,forbidden
mensch,person
strebt,strives
dank,thanks to
toten,kill
niemals,never
befangen,biased
meisten,most
vollen,full
frischen,fresh
wangen,cheeks
leichnam,body
katze,cat
maus,mouse
überlassen,leave
zieh,draw
urquell,source
führ,lead
kannst,can
erfassen,capture
wege,ways
herab,down
steh,stand
beschämt,ashamed
bekennen,confess
mußt,have to
dunklen,dark
drange,pressed
rechten,right
weges,way
dauert,lasts
bange,afraid
gelange,reach
erlaubt,permitted
triumph,triumph
voller,full of
staub,dust
fressen,wolf down
muhme,mom
berühmte,famous
schlange,line
darfst,may
frei,free
erscheinen,appear
deinesgleichen,your kind
gehaßt,hated
geistern,ghosts
verneinen,deny
schalk,mischievous
wenigsten,least
last,load
tätigkeit,task
allzu,too
erschlaffen,go limp
liebt,loves
unbedingte,unconditional
ruh,rest
geb,born
gesellen,join
reizt,irritates
teufel,devil
schaffen,create
göttersöhne,sons of gods
erfreut,delighted
lebendig,lively
reichen,are sufficient
werdende,future
umfass,include
schranken,barriers
schwankender,more swaying
erscheinung,appearance
schwebt,floats
befestigt,fastened
dauernden,permanent
gedanken,thoughts
schließt,closes
verteilen,distribute
zeit,time
hüte,hats
brechen,break
hübsch,pretty
menschlich,human
sprechen,speak
hochgewölbten,arched
gotischen,gothic
zimmer,room
unruhig,restless
sessel,armchair
pulte,desks
philosophie,philosophy
juristerei,law firm
medizin,medicine
leider,unfortunately
theologie,theology
durchaus,absolutely
studiert,educated
heißem,hot
bemühn,try
armer,poor
tor,goal
zuvor,before
heiße,name is
magister,master
ziehe,pull
zehen,toes
jahr,year
quer,across
krumm,crooked
schüler,pupils
herum—,hereabouts-
wissen,knowledge
schier,sheer
verbrennen,burn
gescheiter,smarter
all,Alles
laffen,run
doktoren,doctors
schreiber,writer
pfaffen,whistling
skrupel,scruples
zweifel,doubt
fürchte,fear
weder,neither
teufel—,devil-
dafür,for this
freud,Freud
entrissen,snatched
bilde,form
rechts,the right
lehren,teach
bessern,mend
bekehren,convert
geld,money
ehr,honor
herrlichkeit,glory
möchte,would like
hund,dog
länger,longer
magie,magic
ergeben,result
geistes,mental
mund,mouth
manch,some
geheimnis,secret
kund,known
saurem,sour
schweiß,sweat
brauche,need
erkenne,recognize
innersten,innermost
zusammenhält,holds together
schau,look
wirkenskraft,potency
samen,seeds
worten,words
kramen,rummage
sähst,saw
mondenschein,moonlight
letztenmal,last time
pein,pain
mitternacht,midnight
pult,teacher's desk
herangewacht,woke up
büchern,books
papier,paper
trübsel,gloomy
erschienst,appeared
bergeshöhn,mountainous
lieben,love
lichte,light
gehn,go
bergeshöhle,mountain cave
schweben,hover
wiesen,grasslands
dämmer,twilight
weben,weave
wissensqualm,smoke of knowledge
entladen,unloaded
tau,dew
gesund,healthy
baden,bathe
weh,sore
steck,plug
kerker,dungeon
verfluchtes,damn
dumpfes,dull
mauerloch,wall hole
trüb,cloudy
gemalte,painted
scheiben,slices
beschränkt,limited
bücherhauf,pile of books
würme,worms
nagen,gnaw
bedeckt,covered
ans,to
gewölb,vault
hinauf,up
angeraucht,smoked
umsteckt,repositioned
gläsern,glass
büchsen,cans
umstellt,surrounded
instrumenten,instruments
vollgepfropft,stuffed full
urväter,forefathers
hausrat,household effects
drein,three
gestopft—,stuffed—
heißt,is called
klemmt,stuck
unerklärter,unexplained
lebensregung,vitality
hemmt,inhibits
statt,instead of
lebendigen,living
schuf,created
umgibt,surrounds
rauch,smoke
moder,modest
tiergeripp,animal skeleton
totenbein,dead leg
flieh,flee
hinaus,out
weite,wide
geheimnisvolle,mysterious
buch,a book
nostradamus,nostradamus
eigner,owner
hand,hand
geleit,accompanied
erkennest,recognise
unterweist,instructs
seelenkraft,soul power
andren,others
umsonst,for free
trocknes,dry
sinnen,ponder
heil,unhurt
zeichen,sign
erklärt,explained
geister,ghosts
neben,next to
antwortet,answers
hört,hears
erblickt,sees
makrokosmus,macrocosm
ha,Ha
wonne,bliss
fließt,flows
fühle,feel
junges,young
ges,total
lebensglück,happiness
neuglühend,red hot
nerv,nerve
adern,veins
rinnen,run
schrieb,wrote
innre,inside
toben,romp
arme,poor
füllen,fill
geheimnisvollem,mysterious
trieb,drove
her,here
enthüllen,reveal
licht,light
reinen,pure
zügen,trains
wirkende,acting
seele,soul
liegen,lay
erkenn,recognize
geisterwelt,spirit world
verschlossen,locked
sinn,sense
tot,dead
bade,bathe
unverdrossen,undeterred
ird,ir
morgenrot,dawn
beschaut,examined
webt,weaves
eins,one
himmelskräfte,heavenly forces
nieder,low
goldnen,golden
eimer,bucket
segenduftenden,blessing-scented
schwingen,swing
dringen,penetrate
harmonisch,harmonious
durchklingen,sound through
welch,which
fass,barrel
unendliche,infinite
brüste,breasts
quellen,sources
hängt,hangs
dahin,there
welke,wither
drängt—,urges—
quellt,swells
tränkt,soaks
schmacht,languishes
vergebens,in vain
unwillig,unwilling
erdgeistes,earth spirit
näher,closer
höher,higher
glüh,glow
neuem,new
wein,wine
wagen,car 
tragen,carry
stürmen,storm
herumzuschlagen,bang around
schiffbruchs,shipwreck
knirschen,crunch
zagen,hesitate
wölkt,clouds
mir—,me-
mond,moon
verbirgt,hides
licht—,light-
lampe,lamp
schwindet,fades
dampft,steams
zucken,pull out
rote,Red
strahlen,shine
haupt—es,main—it
weht,blows
schwebst,float
erflehter,begged
enthülle,reveal
reißt,tears
neuen,new
gefühlen,emotions
erwühlen,dig up
ganz,quite
hingegeben,devoted
kostet,costs
geheimnisvoll,mysterious
zuckt,twitches
rötliche,reddish
flamme,flame
abgewendet,averted
schreckliches,terrible
gesicht,face
mächtig,powerful
angezogen,attracted
sphäre,sphere
gesogen,sucked
nun—,so-
ertrag,yield
flehst,beg
eratmend,breathing
schauen,look
stimme,voice
antlitz,face
neigt,tends
seelenflehn,soulmate
—welch,—which
erbärmlich,pathetic
grauen,gray
übermenschen,superman
ruf,call
erschuf,created
hegte,cherished
freudebeben,joy tremble
erschwoll,swelled
heben,lift
erklang,sounded
kräften,strengthen
hauch,breath
lebenslagen,life situations
zittert,trembles
furchtsam,scary
weggekrümmter,bent away
wurm,worm
flammenbildung,flaming
weichen,soft
lebensfluten,floods of life
tatensturm,act storm
wall,wall
wehe,alas
geburt,birth
grab,dig
ewiges,eternal
wechselndes,changing
glühend,glowing
schaff,create
laufenden,ongoing
webstuhl,loom
wirke,work
gottheit,deity
lebendiges,living
kleid,a dress
umschweifst,circumvented
geschäftiger,busier
nah,close
gleichst,same
begreifst,understand
verschwindet,disappears
zusammenstürzend,collapsing
wem,whom
ebenbild,likeness
klopft,knocks
tod,death
kenn,know
s—das,s—that
famulus—,famulus—
schönstes,most beautiful
zunichte,naught
fülle,fill
gesichte,faces
trockne,dry
schleicher,sneaker
stören,disturb
wagner,wagner
schlafrock,dressing gown
nachtmütze,nightcap
wendet,turns
verzeiht,forgives
hör,listen
deklamieren,declaim
griechisch,Greek
trauerspiel,tragedy
kunst,art
möcht,want
profitieren,benefit
heutzutage,nowadays
öfters,more often
rühmen,boast
komödiant,comedian
pfarrer,pastor
zuzeiten,at times
museum,museum
gebannt,banned
kaum,barely
feiertag,holiday
fernglas,binoculars
weitem,far
überredung,persuasion
leiten,lead
werdet,will
erjagen,hunt
urkräftigem,primordial
hörer,listener
sitzt,sits
leimt,glues
andrer,other
schmaus,feast
blast,blast
kümmerlichen,miserable
flammen,Flames
aschenhäufchen,pile of ashes
raus,out
bewundrung,admiration
kindern,children
affen,monkeys
darnach,afterwards
gaumen,palate
steht,stands
vortrag,lecture
redners,speakers
weit,far
redlichen,honest
gewinn,profit
schellenlauter,louder
rechter,right
selber,himself
ernst,serious
nötig,necessary
nachzujagen,chase
blinkend,flashing
menschheit,humanity
schnitzel,cutlet
kräuselt,ripples
unerquicklich,unenjoyable
nebelwind,foggy wind
herbstlich,autumnal
dürren,dry
säuselt,whispers
kurz,short
kritischen,critical
bestreben,strive
kopf,head
mittel,middle
erwerben,acquire
halben,half
erreicht,reached
sterben,die
pergament,parchment
bronnen,burn
woraus,from what
trunk,trunk
durst,thirst
stillt,breastfeeds
erquickung,refreshment
quillt,swells
ergetzen,delight
versetzen,offset
weiser,wiser
gedacht,thought
zuletzt,last
gebracht,brought
vergangenheit,past
sieben,seven
siegeln,seal
bespiegeln,mirror
wahrlich,verily
jammer,sorry
läuft,runs
davon,of that
kehrichtfaß,bin
rumpelkammer,lumber room
höchstens,at most
haupt-,main-
staatsaktion,state action
trefflichen,excellent
pragmatischen,pragmatic
maximen,maximize
puppen,dolls
munde,mouth
ziemen,befit
jeglicher,any
erkennen,recognize
darf,may
kind,child
namen,names
nennen,name
wenigen,few
erkannt,recognized
töricht,foolish
g,G
nug,enough
wahrten,preserved
pöbel,mob
gefühl,feeling
offenbarten,revealed
je,ever
gekreuzigt,crucified
verbrannt,burned
bitt,please
tief,deep
müssen,must
unterbrechen,interrupt
hätte,had
fortgewacht,woke up
gelehrt,taught
besprechen,discuss
ostertage,easter days
andre,other
frage,ask
eifer,zeal
studien,studies
beflissen,eager
hoffnung,hope
immerfort,always
schalem,schalem
zeuge,witness
klebt,sticks
gier,greed
schätzen,treasure
gräbt,digs
regenwürmer,worms
menschenstimme,human voice
geisterfülle,spirit abundance
umgab,surrounded
ertönen,sound
ärmlichsten,poorest
erdensöhnen,sons of earth
rissest,tore
verzweiflung,Despair
los,Come on
zerstören,destroy
riesengroß,huge
zwerg,dwarf
empfinden,feel
gedünkt,thought
spiegel,mirror
genoß,enjoyed
himmelsglanz,sky shine
abgestreift,stripped
erdensohn,son of earth
cherub,cherub
freie,free
fließen,flow
schaffend,creating
götterleben,god life
genießen,enjoy
ahnungsvoll,foreboding
vermaß,meter
büßen,atone
donnerwort,word of thunder
hinweggerafft,snatched away
gleichen,same
vermessen,measured
anzuziehn,put on
besessen,obsessed
hatt,had
sel,sel
augenblicke,moments
fühlte,felt
stießest,bumped
grausam,awful
ungewisse,uncertain
menschenlos,deserted
lehret,teaches
meiden,avoid
gehorchen,obey
unsre,our
leiden,Suffer
hemmen,inhibit
gang,corridor
herrlichsten,most glorious
empfangen,receive
fremd,foreign
fremder,stranger
stoff,material
gelangen,reach
beßre,improve
gaben,gifts
herrliche,glorious
gefühle,feelings
erstarren,freeze
irdischen,earthly
gewühle,rummage
kühnem,bold
flug,flight
hoffnungsvoll,hopeful
ewigen,eternal
erweitert,expanded
kleiner,smaller
raum,space
zeitenstrudel,vortex of time
scheitert,fails
sorge,worries
nistet,nests
geheime,secret
wiegt,weighs
störet,disturbs
deckt,covers
masken,masks
hof,court
weib,woman
dolch,dagger
gift,poison
bebst,trembles
trifft,meets
verlierst,lose
beweinen,weep
göttern,gods
gefühlt,felt
wurme,worms
durchwühlt,ransacked
staube,dust
nährend,nourishing
wandrers,wanderers
tritt,kicks
vernichtet,destroyed
wand,wall
hundert,hundred
fächern,fan
verenget,narrowed
trödel,junk
tausendfachem,thousandfold
tand,stood
mottenwelt,moth world
dränget,urges
finden,find
überall,overall
gequält,tormented
hie,here
glücklicher,happier
grinsest,grin
hohler,hollow
schädel,skull
hirn,brain
verwirret,confused
leichten,light
gesucht,sought
dämmrung,dusk
jämmerlich,pathetic
geirret,erred
instrumente,instruments
spottet,mocks
rad,wheel
kämmen,comb
walz,roll
bügel,hanger
stand,was standing
solltet,should
schlüssel,key
bart,beard
kraus,frizzy
hebt,lifts
riegel,bars
lichten,clear
schleiers,veils
berauben,deprive
offenbaren,reveal
zwingst,force
hebeln,leverage
schrauben,screw
geräte,devices
stehst,stand
vater,father
brauchte,needed
rolle,role
trübe,cloudy
schmauchte,smoked
hätt,would have
weniges,little
verpraßt,squandered
belastet,burdened
schwitzen,sweat
ererbt,inherited
vätern,fathers
erwirb,acquire
besitzen,own
nützt,is useful
schwere,heavy
erschafft,creates
nützen,use
heftet,staples
stelle,Job
fläschchen,flask
magnet,magnet
lieblich,lovely
helle,bright
nächt,night
wald,forest
mondenglanz,moonshine
umweht,blows around
grüße,greetings
einzige,only
phiole,vial
andacht,devotion
herunterhole,down
verehr,adore
menschenwitz,human joke
inbegriff,epitome
schlummersäfte,sleep juices
auszug,abstract
tödlich,deadly
feinen,fine
erweise,prove
meister,master
gunst,favor
gelindert,alleviated
fasse,grasp
streben,strive
gemindert,diminished
flutstrom,flood current
ebbet,ebb
hinausgewiesen,expelled
spiegelflut,mirror flood
erglänzt,shines
füßen,feet
ufern,shore
lockt,lures
neuer,news
feuerwagen,fire truck
bahn,rail
äther,ether
durchdringen,penetrate
sphären,spheres
reiner,purer
götterwonne,gods bliss
verdienest,earn
kehre,turn
erdensonne,earth sun
entschlossen,determined
rücken,move
vermesse,measure
pforten,gates
aufzureißen,tear open
vorüberschleicht,creeps by
beweisen,prove
manneswürde,dignity
götterhöhe,gods height
weicht,gives way
dunkeln,darken
höhle,cave
beben,tremble
qual,agony
verdammt,damned
durchgang,passage
hinzustreben,strive towards
heiter,bright
entschließen,decide
wär,would be
gefahr,danger
komm,come
kristallne,crystal
schale,peel
hervor,out
futterale,case
viele,many
glänzetst,you shine
väter,fathers
freudenfeste,celebrations
erheitertest,cheered up
gäste,Guests
zugebracht,spent
künstlich,artificially
reiche,rich
trinkers,drinkers
reimweis,rhyme
erklären,explain
höhlung,cavity
auszuleeren,empty
erinnert,remind
jugendnacht,youth night
nachbar,neighbor
witz,joke
zeigen,show
saft,juice
eilig,in a hurry
trunken,drunk
brauner,browner
flut,flood
erfüllt,Fulfills
wähle,choose
letzte,last
ganzer,whole
festlich,festive
hoher,higher
gruß,greeting
setzt,puts
glockenklang,bell sound
chorgesang,choir singing
chor,Choir
engel,Angel
christ,Christian
erstanden,acquired
sterblichen,mortal
verderblichen,perishable
schleichenden,creeping
erblichen,hereditary
mängel,defects
umwanden,circumvent
tiefes,deep
summen,buzz
heller,brighter
ton,volume
glas,glass
verkündigt,proclaimed
dumpfen,dull
glocken,bells
osterfestes,easter
feierstunde,party time
chöre,choirs
tröstlichen,comfort
gesang,singing
grabes,grave
engelslippen,angel lips
klang,sound
gewißheit,certainty
bunde,bunch
weiber,women
spezereien,spices
gepflegt,groomed
treuen,faithful
hingelegt,laid down
tücher,towels
binden,tie
reinlich,clean
selig,happy
liebende,loving
betrübende,saddening
heilsam,wholesome
übende,practicing
prüfung,test
bestanden,passed
gelind,mildly
himmelstöne,sky tones
weiche,soft
botschaft,message
glaube,believe
glaubens,faith
liebstes,dearest
wag,dare
woher,from where
holde,lovely
nachricht,news
stürzte,fell
himmelsliebe,heavenly love
kuß,kiss
ernster,more serious
sabbatstille,sabbath silence
glockentones,bell tones
gebet,prayer
brünstiger,more fervent
genuß,enjoyment
holdes,lovely
hinzugehn,go there
entstehn,arise
verkündete,announced
muntre,lively
spiele,games
frühlingsfeier,spring celebration
freies,free
erinnrung,memory
hält,holds
kindlichem,childish
letzten,last
tönet,sounds
fort,away
süßen,sweet
himmelslieder,sky songs
jünger,younger
begrabene,buried
oben,above
lebend,live
erhabene,sublime
erhoben,raised
werdeluft,will air
schaffender,creative
leide,suffer
ließ,let
schmachtend,languishing
verwesung,decay
schoß,lap
reißet,tears
banden,tied
freudig,joyful
tätig,employed
preisenden,praising
beweisenden,proving
brüderlich,brotherly
speisenden,dining
predigend,preaching
reisenden,travelers
verheißenden,auspicious
spaziergänger,stroller
ziehen,pull
handwerksbursche,handyman
jägerhaus,hunting house
mühle,mill
wandern,hike
handwerksbursch,handyman
rat,advice
wasserhof,water farm
zweiter,second
schön,nice
zweiten,second
tust,do
dritter,third
gehe,go
vierter,fourth
burgdorf,burgdorf
bier,beer
händel,Handel
sorte,variety
fünfter,fifth
überlustiger,overjoyed
gesell,social
juckt,itches
drittenmal,third time
fell,fur
graut,grays
orte,places
dienstmädchen,maid
stadt,city
pappeln,poplar
stehen,stand
seite,page
tanzt,dances
plan,plan
freuden,joys
heut,today
sicher,secure
krauskopf,curly head
blitz,lightning
wackern,wobble
dirnen,wenches
schreiten,step
bruder,brother
begleiten,accompany
starkes,strong
beizender,biting
toback,toback
magd,maid
geschmack,taste
bürgermädchen,citizen girl
sieh,see
wahrhaftig,truthfully
schmach,shame
gesellschaft,company
könnten,could
allerbeste,very best
laufen,run
mägden,maids
geschwind,quickly
hinten,rear
zwei,two
niedlich,cute
nachbarin,neighbor
dabei,included
gewogen,weighed
nehmen,take
ende,end
geniert,embarrassed
wildbret,venison
samstags,Saturdays
besen,broom
führt,leads
sonntags,Sunday
karessieren,caress
bürger,citizens
gefällt,pleases
neue,new
burgemeister,mayor
täglich,daily
dreister,brazen
tut,does
schlimmer,worse
zahlen,pay
vorher,beforehand
bettler,beggar
frauen,women
wohlgeputzt,well cleaned
backenrot,cheek red
belieb,any
anzuschauen,look at
mildert,softens
leiern,rattling
feiern,celebrate
erntetag,harvest day
bessers,better
sonn-,sun
feiertagen,holidays
gespräch,conversation
krieg,war
kriegsgeschrei,war cries
türkei,Türkiye
völker,people
aufeinander,on each other
schlagen,hit
fenster,window
trinkt,drinks
gläschen,glass
fluß,flow
hinab,down
schiffe,Ships
gleiten,slide
kehrt,returns
abends,at evening
segnet,bless
fried,peace
friedenszeiten,peacetime
laß,let
mögen,like
köpfe,heads
hause,home
bleib,stay
ei,egg
geputzt,cleaned
junge,young
blut,blood
vergaffen,fell for it
stolz,proud
wüßt,know
agathe,agathe
nehme,take
acht,eight
hexen,witches
öffentlich,public
sankt,santa
andreas,andrew
leiblich,bodily
sehen—,see-
zeigte,showed
kristall,crystal
soldatenhaft,soldierly
mehreren,several
verwegnen,bold
begegnen,encounter
soldaten,soldiers
burgen,castles
mauern,wall
zinnen,battlements
stolzen,proud
höhnenden,jeering
gewinnen,win
kühn,bold
mühen,strive
lohn,salary
trompete,Trumpet
werben,advertise
verderben,spoil
eise,iron
befreit,freed
bäche,streams
frühlings,spring
belebenden,invigorating
tale,tale
grünet,greens
hoffnungsglück,luck of hope
winter,winter
schwäche,weakness
zog,pulled
rauhe,rough
berge,mountains
dorther,there
sendet,sends
fliehend,fleeing
ohnmächtige,passed out
kornigen,grainy
eises,ice
streifen,stripe
grünende,green end
flur,corridor
duldet,tolerates
weißes,white
bildung,education
farben,colors
beleben,revitalize
revier,district
nimmt,takes
geputzte,cleaned
höhen,heights
zurückzusehen,look back
hohlen,caves
finstern,dark
buntes,colorful
gewimmel,teeming
sonnt,suns
auferstehung,resurrection
auferstanden,risen
niedriger,lower
häuser,Houses
gemächern,chambers
handwerks-,artisanal
gewerbesbanden,commercial gangs
druck,print
giebeln,gables
dächern,roofs
straßen,streets
quetschender,squeezing
kirchen,churches
ehrwürdiger,venerable
behend,nimble
gärten,gardens
felder,fields
zerschlägt,smashes
breit,broad
lustigen,funny
nachen,follow
sinken,sink
überladen,overloaded
entfernt,removed
kahn,barge
berges,mountain
fernen,distant
pfaden,paths
blinken,flash
farbige,colored
kleider,dresses
höre,hear
dorfs,village
getümmel,turmoil
wahrer,truer
jauchzet,rejoices
spazieren,stroll
ehrenvoll,honorable
feind,enemy
rohen,raw
fiedeln,fiddle
schreien,scream
kegelschieben,bowling
verhaßter,hateful
bösen,evil
getrieben,driven
bauern,farmers
linde,linden
tanz,dance
schäfer,shepherd
putzte,cleaned
bunter,more colorful
jacke,jacket
band,tape
schmuck,jewelry
voll,full
tanzte,danced
toll,Great
juchhe,yay
juchheisa,cheers
heisa,heisa
he,hey
ging,went
fiedelbogen,fiddle bow
drückte,pressed
hastig,hastily
stieß,bumped
ellenbogen,elbow
frische,freshness
sagte,said
dumm,dumb
ungezogen,naughty
hurtig,quick
kreise,circles
tanzten,danced
links,Left
röcke,skirts
flogen,flew
wurden,became
rot,red
warm,warm
ruhten,rested
atmend,breathing
arm,poor
hüft,hip
vertraut,trusted
belogen,lied to
betrogen,cheated
schmeichelte,flattered
seit,since
scholl,sounded
geschrei,shouting
bauer,Farmer
verschmäht,spurned
volksgedräng,crowd
hochgelahrter,highly learned
nehmet,nope
krug,jug
frischem,fresh
gefüllt,filled
bring,bring
wünsche,wishes
laut,loud
zahl,number
tropfen,drops
hegt,cherishes
tagen,meet
zugelegt,gained
erquickungstrank,refreshing drink
erwidr,replies
volk,people
frohen,happy
vormals,formerly
gemeint,meant
fieberwut,feverish
entriß,snatched
seuche,plague
damals,at that time
junger,younger
gingt,went
krankenhaus,hospital
leiche,corpse
kamt,came
heraus,out of here
bestandet,passed
harte,hardness
proben,rehearse
helfer,helper
half,helped
droben,above
gesundheit,health
bewährten,proven
helfen,help
gebückt,bent over
lehrt,teaches
hülfe,help
schickt,sends
wagnern,wagner
großer,greater
verehrung,worship
glücklich,happy
vorteil,advantage
fragt,asks
fiedel,fiddle
stockt,stops
tänzer,dancer
weilt,resides
gehst,go
reihen,rows
mützen,hats
fliegen,fly
höh,high
beugten,bowed
knie,knee
käm,came
venerabile,venerable
schritte,steps
stein,stone
wandrung,hike
rasten,rest
saß,sat
gedankenvoll,thoughtful
quälte,tormented
beten,pray
fasten,fast
reich,rich
glauben,believe
seufzen,sigh
händeringen,hand wringing
dacht,thought
pest,pest
himmels,heaven
erzwingen,force
hohn,scorn
könntest,could
innern,inside
sohn,son
ruhmes,fame
wert,value
dunkler,darker
ehrenmann,gentleman
redlichkeit,honesty
jedoch,however
grillenhafter,whimsical
mühe,effort
sann,pondered
adepten,adepts
schwarze,black
küche,kitchen
schloß,lock
unendlichen,infinite
rezepten,recipes
widrige,adverse
zusammengoß,poured together
ward,was
roter,red
leu,leu
kühner,bolder
freier,freer
lauen,tepid
bad,bath
lilie,lily
vermählt,married
beide,both
offnem,open
flammenfeuer,flame fire
brautgemach,bridal chamber
erschien,appeared
darauf,on it
königin,queen
arzenei,medicine
patienten,patients
starben,died
niemand,no one
fragte,asked
genas,recovered
höllischen,hellish
latwergen,electives
tälern,valleys
bergen,recover
getobt,raged
tausende,thousands
welkten,withered
erleben,experience
frechen,cheeky
mörder,murderer
lobt,praises
betrüben,grieve
braver,braver
übertrug,transferred
gewissenhaft,conscientious
pünktlich,punctual
auszuüben,exercise
jüngling,youth
ehrst,honor
wissenschaft,science
vermehrst,multiply
höhrem,higher
hoffen,hope
irrtums,mistake
aufzutauchen,show up
brauchen,need
stunde,hour
schönes,beautiful
trübsinn,gloom
verkümmern,wither away
betrachte,consider
abendsonne-glut,evening sun glow
grünumgebnen,surrounded by greenery
hütten,huts
schimmern,shimmer
rückt,moves
überlebt,survived
fördert,encourages
neues,new
flügel,wing
boden,floor
säh,saw
abendstrahl,evening ray
stille,silence
entzündet,inflamed
höhn,sneer
beruhigt,calmed down
tal,valley
silberbach,silverbach
goldne,golden
ströme,streams
hemmte,inhibited
göttergleichen,godlike
berg,mountain
schluchten,canyons
erwärmten,heated
buchten,booked
erstaunten,amazed
göttin,goddess
wegzusinken,sink away
erwacht,awakens
eile,Hurry
wellen,waves
schöner,more beautiful
traum,dream
indessen,meanwhile
entweicht,escapes
flügeln,wings
körperlicher,physical
eingeboren,native
vorwärts,forward
blauen,blue
verloren,lost
schmetternd,blaring
lerche,lark
schroffen,rugged
fichtenhöhen,spruce heights
adler,Eagle
ausgebreitet,spread out
flächen,areas
seen,seen
kranich,crane
heimat,hometown
grillenhafte,whimsical
empfunden,felt
feldern,fields
vogels,birds
fittich,wing
beneiden,envy
geistesfreuden,spirit pleasures
blatt,sheet
winternächte,winter nights
hold,love
wärmet,warms
glieder,members
entrollst,unrolled
würdig,worthy
pergamen,parchment
triebs,drove
lerne,learn
kennen,know
wohnen,reside
trennen,separate
derber,rough
liebeslust,lust for love
klammernden,clinging
organen,organs
gewaltsam,forcibly
dust,dust
gefilden,filed
ahnen,suspect
luft,air
erd,earth
herrschend,ruling
steiget,increases
duft,scent
buntem,colourful
wäre,were
zaubermantel,magic cloak
trüg,cheating
fremde,strangers
länder,countries
köstlichsten,most delicious
gewänder,robes
feil,for sale
königsmantel,royal mantle
berufe,jobs
wohlbekannte,well-known
schar,keenly
strömend,flowing
dunstkreis,haze circle
überbreitet,overspread
tausendfältige,thousandfold
enden,end up
bereitet,prepared
norden,north
scharfe,sharp
geisterzahn,ghost tooth
herbei,here
pfeilgespitzten,arrowheaded
zungen,tongues
ziehn,pull
vertrocknend,drying up
nähren,nourish
lungen,lungs
mittag,midday
wüste,desert
glut,embers
scheitel,apex
häufen,accumulate
west,west
schwarm,swarm
feld,field
aue,ow
ersäufen,drown
schaden,damage
gewandt,fluent
betrügen,deceive
stellen,place
gesandt,sent
lispeln,lisp
englisch,English
lügen,lie
ergraut,greyed
gekühlt,chilled
abend,evening
schätzt,appreciates
haus.—,a house.-
blickst,look
erstaunt,astonished
ergreifen,seize
schwarzen,black
saat,seed
stoppel,stubble
sah,saw
wichtig,important
schien,seemed
betracht,consider
hältst,hold
pudel,poodle
spur,track
bemerkst,noticed
schneckenkreise,snail circles
jagt,hunts
irr,wrong
feuerstrudel,fire vortex
hinterdrein,afterwards
augentäuschung,eye deception
magisch,magical
leise,quiet
schlingen,loop
gem,acc
füße,feet
ungewiß,uncertain
umspringen,jump around
unbekannte,unknown
eng,closely
gespenst,spook
knurrt,growls
zweifelt,doubts
legt,lays
bauch,belly
wedelt,wags
hundebrauch,dog custom
geselle,journeyman
pudelnärrisch,crazy about poodles
stehest,stand
still,quiet
wartet,waits
sprichst,speak
verliere,lose
stock,floor
springen,jump
finde,find
dressur,dressage
hunde,dogs
gezogen,pulled
verdient,earned
studenten,students
trefflicher,more appropriate
skolar,scolar
stadttor,city ​​gate
hereintretend,entering
verlassen,leave
auen,outside
ahnungsvollem,foreboding
weckt,wakes up
entschlafen,passed away
ungestümen,impetuous
tun,do
reget,rain
menschenliebe,philanthropy
gottes,god
ruhig,quiet
renne,run
schwelle,threshold
schnoperst,sniff
lege,lay
ofen,oven
bestes,best
kissen,pillow
draußen,outside
bergigen,mountainous
rennen,run
ergetzt,excited
nimm,take
pflege,care
willkommner,welcome
stiller,quieter
gast,guest
zelle,cell
freundlich,friendly
brennt,burns
unserm,our
kennt,knows
fängt,catches
blühn,bloom
sehnt,longs
bächen,streams
quelle,source
knurre,growl
heiligen,sanctify
seel,seel
umfassen,include
tierische,animal
passen,fit
gewohnt,used
verhöhnen,mock
verstehn,understand
beschwerlich,arduous
murren,grumble
beknurren,growl
befriedigung,satisfaction
quillen,swell
versiegen,dry up
durste,thirsty
erfahrung,experience
mangel,shortage
ersetzen,substitute
lernen,learn
überirdische,unearthly
nirgends,nowhere
testament,testament
grundtext,basic text
aufzuschlagen,pitch
redlichem,honest
heilige,holy
original,original
geliebtes,beloved
deutsch,German
übertragen,transfer
volum,volume
geschrieben,written
anfang,beginning
wort,word
hoch,high
unmöglich,impossible
übersetzen,translate
geiste,spirits
erleuchtet,enlightened
bedenke,consider
zeile,line
feder,feather
übereile,haste
schafft,creates
stehn,stand
niederschreibe,write down
warnt,warns
bleibe,stay
schreibe,write
getrost,confidently
tat,did
teilen,split
heulen,howl
bellen,bark
störenden,disturbing
ungern,reluctantly
heb,heb
gastrecht,hospitality
tür,door
offen,open
freien,free
natürlich,naturally
geschehen,happen
wirklichkeit,reality
hundes,dog
bracht,brought
nilpferd,hippo
feurigen,fiery
schrecklichem,terrible
gebiß,denture
oh,Oh
halbe,half
höllenbrut,hellspawn
salomonis,Solomonis
gange,walk
drinnen,inside
gefangen,caught
bleibet,stays
haußen,house
folg,follow
eisen,iron
fuchs,Fox
zagt,hesitates
höllenluchs,hell lynx
losgemacht,untied
gefallen,please
tiere,animals
brauch,need
spruch,say
viere,four
salamander,salamander
glühen,glow
undene,undene
winden,squirm
sylphe,sylph
verschwinden,disappear
kobold,leprechaun
kennte,knew
elemente,elements
eigenschaft,characteristic
verschwind,go away
rauschend,rushing
fließe,flow
leucht,shine
meteoren-schöne,meteor beautiful
häusliche,domestic
incubus,incubus
mache,make
schluß,ending
steckt,plugged
liegt,lies
grinst,grins
sollst,should
stärker,stronger
beschwören,summon
flüchtling,refugee
beugen,bow
scharen,flock
schwillt,swells
borstigen,bristly
haaren,hair
verworfnes,discarded
entsproßnen,sprout
unausgesprochnen,unspoken
gegoßnen,cast
durchstochnen,pierced
elefant,elephant
füllt,fills
zerfließen,melt away
steige,climb
decke,ceiling
hinan,up
meisters,masters
drohe,threaten
versenge,singe
heiliger,saint
lohe,tan
erwarte,expect
dreimal,3 times
glühende,glowing
stärkste,strongest
künsten,arts
gekleidet,dressed
fahrender,driving
scholastikus,scholastic
wozu,for what reason
lärm,noise
diensten,serve
pudels,poodles
kern,core
skolast,skolast
kasus,case
salutiere,salute
gelehrten,scholars
weidlich,gracious
nennst,call
verachtet,despised
trachtet,seeks
deutlich,clearly
weist,points
fliegengott,fly god
verderber,spoiler
lügner,liar
böse,mean
gute,good
rätselwort,puzzle word
verneint,denied
entsteht,arises
zugrunde,perish
entstünde,would arise
sünde,sin
zerstörung,destruction
eigentliches,real
bescheidne,modest
sprech,speak
narrenwelt,fool world
teils,part
anfangs,at first
finsternis,darkness
stolze,proud
mutter,mother
rang,rank
streitig,contentious
gelingt,succeed
verhaftet,arrested
körpern,bodies
strömt,flows
körper,body
hoff,hope
pflichten,duties
vernichten,destroy
fängst,catch
kleinen,small
entgegenstellt,opposes
plumpe,clumsy
unternommen,undertaken
wußte,knew
beizukommen,deal with
schütteln,shake
brand,fire
geruhig,quiet
verdammten,damn
zeug,things
tier-,animal-
menschenbrut,human spawn
anzuhaben,wear
begraben,bury
zirkuliert,circulates
frisches,fresh
rasend,frenzied
erden,earth
entwinden,unwind
keime,germs
trocknen,dry
feuchten,wet
warmen,warm
kalten,cold
vorbehalten,Reserved
aparts,apart
mich.,me.
setzest,set
regen,rain
schaffenden,creating
kalte,cold
teufelsfaust,devil fist
entgegen,in contrast to
tückisch,treacherous
ballt,clenches
suche,seek
beginnen,begin
chaos,chaos
wunderlicher,whimsical
wirklich,really
besinnen,reflect
nächsten,next
male,times
dürft,may
entfernen,removed
besuche,visits
magst,like
türe,door
rauchfang,flue
gesteh,confess
hinausspaziere,walk out
verbietet,prohibits
kleines,small
hindernis,obstacle
drudenfuß,pendentive
schwelle—,threshold-
pentagramma,pentagramma
bannt,bans
kamst,came
herein,in
winkel,angle
außen,Outside
zufall,coincidence
getroffen,met
gefangner,prisoner
wärst,would be
ungefähr,approximately
merkte,noticed
hereingesprungen,jumped in
sache,matter
durchs,through
gesetz,law
gespenster,ghosts
hereingeschlüpft,slipped in
knechte,servants
rechte,right
ließe,let
pakt,pact
schließen,close
verspricht,promises
rein,pure
abgezwackt,ripped off
zunächst,first
jetzo,now
höchst,maximum
mal,just
entlassen,fire
mär,mar
komme,come
belieben,at will
fragen,questions
nachgestellt,adjusted
garn,yarn
gegangen,went
halte,hold
fangen,catch
beliebt,popular
bleiben,remain
bedingnis,condition
vertreiben,drive out
jahres,year
einerlei,no matter
zarten,tender
singen,sing
leeres,empty
zauberspiel,magic game
geruch,odor
letzen,last
bereitung,preparation
voran,Ahead
beisammen,together
fanget,catch
wölbungen,bulges
reizender,more lovely
schaue,look
blaue,blueness
wären,would be
wolken,clouds
zerronnen,melted
sternelein,little star
funkeln,sparkle
mildere,milder
sonnen,sunbathe
scheinen,seem
darein,in it
himmlischer,more heavenly
söhne,sons
geistige,spiritual
beugung,diffraction
vorüber,over
sehnende,yearning
neigung,Tilt
folget,follows
hinüber,over
flatternde,fluttering
bänder,ribbons
decken,cover
laube,arbor
fürs,for
sprossende,sprouting
ranken,tendrils
lastende,burdensome
traube,grape
stürzt,falls
behälter,container
drängender,more pressing
kelter,winepress
stürzen,overthrow
schäumende,foamy
weine,cry
rieseln,trickle
edle,noble
gesteine,rocks
ums,about
genüge,enough
grünender,greener
hügel,hill
geflügel,poultry
schlürfet,slurps
flieget,flies
hellen,bright
inseln,islands
gauklend,jesting
bewegen,move
jauchzende,rejoicing
tanzende,dancing
zerstreuen,scatter
klimmen,climb
schwimmen,swim
liebender,loving
seliger,happier
huld,grace
schläft,is sleeping
jungen,boys
treulich,loyal
eingesungen,sung
konzert,concert
schuld,fault
umgaukelt,tricked
traumgestalten,dream figures
versenkt,sunk
wahns,mad
zauber,magic
zerspalten,split
bedarf,requirement
rattenzahns,rat tooths
raschelt,rustles
ratten,rats
mäuse,mice
frösche,frogs
wanzen,bugs
läuse,lice
befiehlt,commands
benagen,gnaw
öl,oil
betupft—,dabbed—
hervorgehupft,hopped out
spitze,top
bannte,banned
vornen,front
kante,edge
biß,bite
geschehn.—,happen.—
fauste,fists
träume,dreams
wiedersehn,see you again
erwachend,awakening
abermals,again
geisterreiche,spirited
vorgelogen,lied to
entsprang,arose
gefällst,like
vertragen,tolerate
grillen,grilling
verjagen,chase away
edler,nobler
junker,junker
rotem,red
goldverbrämtem,gold trimmed
kleide,dress
mäntelchen,little coat
starrer,more rigid
seide,silk
hahnenfeder,cockfeather
hut,cap
langen,long
spitzen,sharpen
degen,sword
rate,rate
dergleichen,the like
gleichfalls,same you
anzulegen,create
losgebunden,untied
erfahrest,experience
erdelebens,earthlife
fühlen,feel
wunsch,wish
gewähren,grant
entbehren,do without
ewige,eternal
ohren,ears
heiser,hoarse
entsetzen,fright
wach,awake
morgens,In the morning
bittre,please
erfüllen,fulfill
ahnung,idea
eigensinnigem,stubborn
krittel,critic
mindert,reduces
lebensfratzen,life faces
hindert,prevents
niedersenkt,lowers
ängstlich,fearful
lager,camp
strecken,stretch
rast,rest
geschenkt,given
schrecken,scare
wohnt,resides
innerstes,innermost
erregen,irritate
thront,perched
dasein,be there
erwünscht,he wishes
verhaßt,hated
siegesglanze,victory shine
lorbeern,laurels
schläfe,temple
windet,winds
rasch,quickly
durchrastem,snap through
tanze,dance
mädchens,girls
entseelt,lifeless
gesunken,dropped
jemand,someone
braunen,tan
ausgetrunken,drunk
spionieren,spy
allwissend,omniscient
schrecklichen,terrible
süß,sweet
bekannter,better known
rest,rest
anklang,appeal
betrog,cheated
fluch,curse
lock-,lock
gaukelwerk,trickery
umspannt,spans
trauerhöhle,mourning cave
blend-,glare
schmeichelkräften,flatterers
verflucht,cursed
voraus,in advance
meinung,opinion
womit,by which
umfängt,embraces
blenden,blind
träumen,dream
heuchelt,feigns
ruhms,glory
namensdauer,name duration
besitz,possession
schmeichelt,flatters
pflug,plow
mammon,mammon
kühnen,bold
müßigem,idle
polster,pad
zurechte,rightly so
balsamsaft,balm juice
trauben,Grapes
höchsten,highest
liebeshuld,affection
geduld,patience
geisterchor,ghost choir
unsichtbar,invisible
zerstört,destroyed
mächtiger,more powerful
zerfällt,decays
halbgott,demigod
zerschlagen,smash
trümmern,shatter
klagen,complain
verlorne,lost
erdensöhne,sons of earth
prächtiger,more magnificent
baue,builder
lebenslauf,CV
beginne,start
altklug,precocious
raten,advise
einsamkeit,lonliness
säfte,juices
stocken,lagging
locken,beckon
gram,sorry
geier,vulture
frißt,eats
schlechteste,worst
pack,pack
stoßen,bump
willst,want
vereint,united
bequemen,comfortable
mach,do
diener,servant
dagegen,against it
frist,deadline
egoist,egoist
nützlich,useful
bedingung,condition
dienst,service
verbinden,connect
wink,nod
ruhn,rest
drüben,over there
wiederfinden,find again
kümmern,take care of
schlägst,beat
scheinet,seems
scheiden,divorce
künftig,future
haßt,hates
unten,below
verbinde,connect
gebe,give
gesehn,seen
gefaßt,caught
sättigt,saturates
rotes,red
gold,gold
quecksilber,mercury
zerrinnt,melts away
gewinnt,wins
äugeln,eyeball
verbindet,connects
ehre,honor
götterlust,godslust
meteor,meteor
zeig,show
fault,fault
bäume,trees
begrünen,greening
auftrag,order
schreckt,frightens
dienen,serve
guts,good
ruhe,quiet
schmausen,feast
faulbett,lazy bed
legen,place
schmeichelnd,flattering
belügen,lie to
biet,offer
topp,top
verweile,stay
fesseln,bind
totenglocke,death knell
schallen,sound
dienstes,service
uhr,clock
zeiger,pointer
fallen,fall
vorbei,over
bedenk,consider
vergessen,forget
beharre,insist
frag,ask
wessen,know
doktorschmaus,doctor feast
—um,-around
sterbens,dying
paar,pair
zeilen,lines
geschriebnes,written
forderst,require
pedant,pedant
manneswort,word of man
gekannt,known
gesprochnes,spoken
schalten,switch
strömen,stream
versprechen,promise
gelegt,placed
befreien,free
beglückt,delighted
treue,loyalty
opfer,victim
gereuen,regret
beschrieben,described
beprägt,coined
scheuen,shy away from
erstirbt,he dies
herrschaft,rule
wachs,wax
leder,leather
böser,badder
erz,ore
marmor,marble
griffel,stylus
meißel,chisel
schreiben,write
wahl,choice
rednerei,oratory
hitzig,heated
übertreiben,exaggerate
blättchen,leaflets
unterzeichnest,sign
tröpfchen,droplet
völlig,fully
gnüge,enough
fratze,grimace
besondrer,special
furcht,fear
bündnis,alliance
breche,break
grade,grade
verspreche,promise
gebläht,bloated
gehör,belong
große,size
verschließt,closed
denkens,thinking
faden,thread
zerrissen,torn
ekelt,disgusts
sinnlichkeit,sensuality
undurchdrungnen,impenetrable
zauberhüllen,magic cases
rauschen,rush
rollen,roll
begebenheit,event
gelingen,succeed
verdruß,annoyance
miteinander,commonality
wechseln,exchange 
rastlos,restless
betätigt,operated
maß,measure
naschen,snack
fliehen,flee
erhaschen,catch
bekomm,get
blöde,stupid
hörest,hear
rede,speech
taumel,reel
weih,holy
schmerzlichsten,most painful
verliebtem,in love
haß,hate
erquickendem,refreshing
wissensdrang,thirst for knowledge
geheilt,healed
verschließen,close
zugeteilt,allocated
tiefste,deepest
greifen,grasp
eigen,own
erweitern,expand
end,end
zerscheitern,shatter
harten,hard
kaut,chews
wiege,cradle
bahre,stretcher
sauerteig,sourdough
verdaut,digested
glaub,believe
unsereinem,one of us
gemacht,made
glanze,shine
taugt,good
einzig,only
ließet,let
belehren,teach
assoziiert,associated
schweifen,wander
edlen,noble
qualitäten,qualities
ehrenscheitel,crest of honor
löwen,lions
hirsches,deer
schnelligkeit,speed
italieners,Italians
feurig,fiery
nordens,north
dau,dau
rbarkeit,rability
großmut,magnanimity
arglist,fraudulent
jugendtrieben,youth driven
plane,plans
verlieben,fall in love
mikrokosmus,microcosm
möglich,possible
krone,Crown
erringen,gain
ende—was,end—what
setz,set
perücken,wigs
millionen,millions
fuß,foot
ellenhohe,yard high
socken,socks
bleibst,stay
schätze,guess
menschengeists,human spirit
herbeigerafft,summoned
niedersetze,down
innerlich,inside
haar,hair
sachen,things
flieht,flees
henker,hangman
händ,hands
hintern,butt
genieße,enjoy
weniger,fewer
sechs,six
hengste,stallions
vierundzwanzig,twenty four
beine,legs
grad,Degree
kerl,Guy
spekuliert,speculated
dürrer,skinnier
heide,pagan
herum,hereabouts
geführt,guided
grüne,green
weide,pasture
marterort,martyrdom
jungens,boys
ennuyieren,ennuy
wanst,belly
stroh,straw
dreschen,threshing
buben,boys
knabe,boy
ungetröstet,unconsoled
rock,skirt
mütze,cap
maske,mask
köstlich,precious
kleidet,clothes
überlaß,leave
witze,jokes
viertelstündchen,quarter hour
fahrt,drive
fausts,fists
langem,long
verachte,despise
allerhöchste,highest
zauberwerken,magic works
lügengeist,lying spirit
bestärken,encourage
unbedingt—,absolutely-
schicksal,fate
übereiltes,hasty
überspringt,skips
schlepp,drag
flache,surface
unbedeutenheit,insignificance
zappeln,wriggle
starren,stare
kleben,adhere
unersättlichkeit,insatiability
speis,ate
lippen,lips
erflehn,implore
übergeben,hand over
müßte,would have to
allhier,here
kurze,short
ergebenheit,devotion
ehrfucht,reverent
höflichkeit,courtesy
umgetan,done
nehmt,take
leidlichem,tolerable
hieraußen,out here
ort,location
aufrichtig,sincerely
hallen,resound
keineswegs,not at all
beschränkter,more limited
grünes,green
baum,tree
sälen,room
bänken,benches
vergeht,passes
denken,think
gewohnheit,habit
willig,willing
ernährt,fed
weisheit,wisdom
brüsten,breast
gelüsten,lust
hangen,hang
hingelangen,reach
wählt,chooses
müßt,must
leib,body
freiheit,freedom
zeitvertreib,pastime
sommerfeiertagen,summer holidays
hinnen,inside
ordnung,order
teurer,more expensive
zuerst,first
collegium,college
logicum,logicum
dressiert,trained
spanische,spanish
stiefeln,boots
eingeschnürt,constricted
bedächtiger,more deliberate
fortan,henceforth
hinschleiche,sneak up
gedankenbahn,train of thought
etwa,approximately
kreuz,cross
irrlichteliere,will-o'-the-wisp
essen,eat
gedankenfabrik,thought factory
weber-meisterstück,weaver masterpiece
fäden,threads
schifflein,little ship
herüber,over
schießen,shoot
ungesehen,unseen
verbindungen,links
philosoph,philosopher
beweist,proves
zweite,second
dritt,third
vierte,fourth
zweit,second
viert,fourth
nimmermehr,nevermore
preisen,praise
allerorten,everywhere
weber,weaver
geworden,become
lebendigs,alive
beschreiben,describe
treiben,drive
teile,share
encheiresin,encheiresin
naturae,nature
chemie,chemistry
verstehen,understand
nächstens,next
lernt,learns
reduzieren,reduce
gehörig,due
klassifizieren,classify
alledem,all of that
mühlrad,mill wheel
metaphysik,metaphysics
tiefsinnig,profound
paßt,fits
prächtig,gorgeous
vorerst,for now
wahr,true
fünf,five
glockenschlag,chime
präpariert,prepared
einstudiert,rehearsed
buche,beech
schreibens,writes
befleißt,diligent
diktiert,dictates
heilig,holy
zweimal,twice
denke,think
schwarz,black
besitzt,owns
rechtsgelehrsamkeit,legal scholarship
übel,bad
lehre,teach
erben,inherit
krankheit,illness
schleppen,drag
geschlecht,gender
geschlechte,sexes
unsinn,nonsense
wohltat,benefit
plage,plague
enkel,grandson
abscheu,abhorrence
vermehrt,increased
belehrt,teaches
irre,crazy
betrifft,regards
falschen,wrong
verborgnes,hidden
unterscheiden,differentiate
schwört,swears
ganzen—haltet,whole—stop
sichre,sure
pforte,gate
tempel,temple
begriff,expression
quälen,torment
begriffe,terms
fehlen,miss
stellt,puts
trefflich,excellent
streiten,fight
system,system
bereiten,prepare
jota,iota
rauben,rob
halt,just
wollt,want
kräftig,powerful
wörtchen,word
fingerzeig,pointer
eher,rather
tons,tons
durchstudiert,studied
ringsum,all around
wissenschaftlich,scientific
schweift,wanders
ziemlich,quite
gebaut,built
kühnheit,audacity
vertrauen,trust
tausendfach,thousandfold
punkte,Points
kurieren,cure
halbweg,halfway
ehrbar,honorable
unterm,under
titel,title
vertraulich,confidential
übersteigt,exceeds
willkomm,welcome
tappt,gropes
siebensachen,seven things
streicht,deletes
versteht,understands
pülslein,pillow
drücken,press
fasset,grasps
schlauen,clever
blicken,look
schlanke,slim
hüfte,hips
geschnürt,laced
grau,Gray
theorie,theory
grün,green
goldner,golden
schwör,swear
andermal,other time
beschweren,complain
vermag,can
stammbuch,studbook
überreichen,present
gönn,treat
liest,reads
eritis,eritis
sicut,sure
deus,deus
scientes,scientes
bonum,bonus
et,etc
malum,malum
ehrerbietig,respectful
empfiehlt,recommends
gottähnlichkeit,godlikeness
wohin,where
nutzen,use
cursum,course
durchschmarutzen,smack through
leichte,light
lebensart,way of life
schicken,send
sobald,as soon
vertraust,trusts
weißt,know
pferde,horses
mantel,a coat
lüfte,air
nimmst,take
bündel,bunch
bißchen,a little
feuerluft,fire air
gratuliere,congratulate
zeche,mine
lustiger,funnier
frosch,frog
gesichter,faces
nasses,wet
lichterloh,ablaze
brander,brand
bringst,bring
dummheit,stupidity
sauerei,mess
giesst,pours
beides,both
doppelt,double
schwein,pig
siebel,siebel
entzweit,divided
offner,opener
runda,rounda
sauft,drinks
schreit,cries
holla,hello
ho,hey
altmayer,altmayer
baumwolle,cotton
sprengt,blows up
gewölbe,vault
widerschallt,echoes
basses,basses
grundgewalt,basic force
a,a
tara,Tara
kehlen,throat
gestimmt,tuned
röm,roman
garstig,nasty
pfui,Pooh
politisch,politically
leidig,tired
dankt,thanks
sorgen,care for
wenigstens,at least
reichlichen,plentiful
kaiser,Emperor
kanzler,chancellor
oberhaupt,head
papst,pope
erwählen,choose
qualität,quality
ausschlag,rash
erhöht,elevated
schwing,swinging
frau,woman
nachtigall,nightingale
grüß,regards
liebchen,sweetheart
zehentausendmal,ten thousand times
verwehren,refuse
liebste,favorite
wacht,wakes up
singe,sing
lob,praise
rühme,boast
angeführt,listed
beschert,bestows
kreuzweg,way of the cross
schäkern,flirting
bock,desire
blocksberg,blocksberg
galopp,gallop
meckern,gripe
echtem,real
fleisch,meat
gruße,greetings
eingeschmissen,thrown in
tisch,table
schlagend,hitting
gehorchet,obeys
gesteht,confesses
verliebte,fell in love
standsgebühr,stand fee
neusten,latest
schnitt,cut
rundreim,rhyme
ratt,rat
kellernest,basement nest
lebte,lived
fett,fat
butter,butter
ränzlein,knapsack
angemäst,fattened
luther,Luther
köchin,cook
gestellt,placed
leibe,stay
chorus,chorus
jauchzend,rejoicing
fuhr,drove
soff,drunk
pfützen,puddles
zernagt,gnawed
zerkratzt,scratched
tät,did
ängstesprung,leap of fear
genung,enough
kam,came
angst,fear
zugelaufen,accrued
fiel,fell
herd,stove
lag,lay
schnaufen,wheeze
lachte,laughed
vergifterin,poisoner
pfeift,whistles
loch,hole
platten,plates
bursche,boy
freuen,be happy
streuen,sprinkle
schmerbauch,paunch
kahlen,bald
platte,plate
unglück,bad luck
zahm,tame
geschwollnen,swollen
ratte,rat
dingen,things; matters
volke,people
zirkeltanz,circle dance
katzen,cats
schwanz,tail
kopfweh,headache
wirt,host
borgt,borrows
vergnügt,happy
unbesorgt,unconcerned
wunderlichen,whimsical
leipzig,Leipzig
paris,Paris
bildet,forms
fremden,strange
glase,glass
kinderzahn,child tooth
burschen,boys
würmer,worms
unzufrieden,dissatisfied
marktschreier,barker
schraube,screw
spürt,feels
völkchen,people
kragen,collar
gegrüßt,greeted
gegengruß,greeting
ansehend,watching
hinkt,lags
setzen,set
trunks,trunks
verwöhnter,spoiled
rippach,rippach
aufgebrochen,broken up
hans,Hans
gespeist,fed
vorbeigereist,passed by
letztemal,last time
gesprochen,spoken
vettern,cousins
wußt,knew
aufgetragen,applied
pfiffiger,smarter
patron,patron
warte,wait
irrte,erred
hörten,heard
geübte,practiced
stimmen,voices
wölbung,curvature
widerklingen,resonate
virtuos,virtuoso
schwach,weak
begehrt,coveted
nagelneues,brand new
spanien,Spain
weins,cry
könig,king
floh—,escaped-
horcht,listens
floh,escaped
saubrer,cleaner
eignen,suit
rief,shouted
schneider,cutter
miß,miss
hosen,pants
vergeßt,forget
einzuschärfen,inculcate
genauste,most accurate
mißt,measures
falten,fold
werfen,throw
sammet,together
angetan,done
daran,it
minister,minister
stern,star
geschwister,siblings
fraun,woman
hofe,hope
geplagt,plagued
zofe,maid
gestochen,stung
genagt,gnawed
durften,were allowed
knicken,bend
jucken,itch
ersticken,suffocate
sticht,stings
bravo,Bravo
ergehn,happen
spitzt,sharpens
finger,finger
fein,fine
lebe,live
tränke,potions
beschweret,complained
gäb,would
werten,evaluate
gästen,guests
keller,"basement, cellar"
nehm,take
gutes,good
loben,praise
judizieren,judge
verlang,demand
maul,mouth
rheine,rhine
spüre,feel
bohrer,drill
fässer,barrels
dahinten,back there
körbchen,basket
wünschet,wish
schmecken,taste good
meint,means
mancherlei,various
stell,deputy
aha,Aha
abzulecken,lick off
wählen,choose
rheinwein,Rhine wine
vaterland,homeland
verleiht,lends
allerbesten,very best
platz,place
tischrand,table edge
bohrt,drills
verschafft,provided
pfropfen,graft
taschenspielersachen,sleight of hand
champagner,champagne
moussierend,sparkling
wachspfropfen,wax plug
verstopft,clogged
echter,real
deutscher,German
franzen,french
platze,burst
nähert,approaches
gestehn,confess
sauern,sour
tokayer,tokayan
gewagt,daring
gesagt,said
gefragt,asked
nachdem,after
löcher,holes
gebohrt,drilled
seltsamen,strange
gebärden,sign
weinstock,vine
hörner,horns
ziegenbock,billy goat
saftig,juicy
reben,vines
hölzerne,wooden
glaubet,believes
genießt,enjoy
verlangte,demanded
brunnen,spring
hütet,guards
vergießt,sheds
kannibalisch,cannibalistic
fünfhundert,fivehundred
säuen,sow
abzufahren,leave
bestialität,bestiality
unvorsichtig,careless
helft,help
besprechend,discussing
fegefeuer,purgatory
wart,wait
bezahlt,paid
teuer,expensive
hießen,were called
sachte,gently
seitwärts,sideways
unterstehn,subordinate
hokuspokus,hocus pocus
weinfaß,wine barrel
besenstiel,broomstick
grob,rough
sollen,should
schläge,punches
regnen,rain
pfropf,graft
brenne,burn
zauberei,sorcery
stoßt,bumps
vogelfrei,outlaw
messer,knife
ernsthafter,more serious
gebärde,gesture
falsch,incorrect
gebild,formation
verändern,change
einander,each other
weinberge,vineyards
siebeln,sift
wechselseitig,mutually
spaße,joking
auseinander,apart
stuhl,chair
sinke,sink
kellertüre—,cellar door—
reiten,ride
sehn—,see-
bleischwer,heavy as lead
tische,tables
wendend,turning
betrug,fraud
lug,lying
deuchte,seemed
tränk,soak
niedrigen,low
dampfe,fumes
höhe,height
verschiedene,different
meerkatze,monkey
sorgt,cares
überläuft,overflows
meerkater,meerkat
darneben,next it
wärmt,warms
seltsamsten,strangest
hexenhausrat,witch household effects
geschmückt,adorned
widersteht,resists
tolle,great
zauberwesen,magical creatures
versprichst,promise
genesen,recovered
wust,waste
raserei,rage
weibe,woman
sudelköcherei,mess cooking
dreißig,thirty
verschwunden,disappeared
irgendeinen,any
balsam,balm
ausgefunden,found out
verjüngen,rejuvenate
kapitel,chapter
arzt,physician
begib,go
fang,catch
hacken,chop
graben,dig
erhalte,get
beschränkten,restricted
ernähre,feed
ungemischter,unmixed
leb,live
vieh,cattle
raub,robbery
acker,field
erntest,harvest
düngen,fertilize
achtzig,eighty
spaten,spade
hexe,witch
just,just
brauen,brew
brücken,bridges
bauen,build
jahrelang,for years
geschäftig,busy
feine,fine
gehört,heard
wunderbare,wonderful
erblickend,seeing
zierliches,dainty
tieren,animals
schmause,feast
schornstein,chimney
pflegt,maintains
schwärmen,rave
pfoten,paws
wärmen,warm
findest,find
abgeschmackt,tasteless
discours,discours
verfluchte,cursed
quirlt,whirls
brei,mush
kochen,cook
bettelsuppen,begging soups
kater,Male cat
würfle,roll
bestellt,ordered
affe,ape
lotto,lotto
meerkätzchen,monkey
kugel,bullet
gespielt,played
rollt,rolls
beständig,resistant
hohl,hollow
inwendig,inside
lieber,Dear
scherben,shards
sieb,sieve
holt,get
herunter,down
dieb,thief
lauft,runs
kätzin,cat
durchsehen,look through
erkennst,recognise
nähernd,approaching
topf,pot
alberne,silly
tropf,drip
unhöfliches,rude
wedel,frond
nötigt,compels
gestanden,confessed
genähert,approached
himmlisch,heavenly
bild,picture
zauberspiegel,magic mirror
leihe,borrow
schnellsten,fastest
gefild,field
wage,dare
hingestreckten,stretched out
himmeln,heaven
gescheites,clever
schätzchen,baby
auszuspüren,track down
bräutigam,groom
heim,home
dehnend,stretching
spielend,playing
fährt,moves
sitz,Seat
throne,throne
zepter,scepter
bisher,until now
allerlei,all sorts
wunderliche,whimsical
bewegungen,movements
großem,big
leimen,glue
ungeschickt,clumsy
zerbrechen,break
stücke,pieces
herumspringen,jumping around
reimen,rhyme
verrückt,crazy
deutend,pointing
schwanken,vary
glückt,succeeds
brennen,burn
obiger,above
stellung,position
aufrichtige,sincere
katzin,cat
außer,except
überzulaufen,overflow
entsetzlichem,horrible
gefahren,driven
au,ouch
verdammtes,damn
sau,sow
versäumst,miss
versengst,singe
schlich,crept
feuerpein,fire agony
gebein,bone
schaumlöffel,slotted spoon
spritzt,splashes
winseln,whine
umkehrt,vice versa
gläser,glasses
töpfe,pots
entzwei,in two
takt,tact
aas,carrion
melodei,melody
grimm,grim
zurücktritt,resigns
gerippe,skeleton
scheusal,monster
zerschmettre,smash
katzengeister,cat spirits
vorm,before
roten,redden
wams,jerkin
respekt,respect
angesicht,face
versteckt,hidden
pferdefuß,horseshoe
raben,dig
weile,while
gesehen,seen
kultur,Culture
beleckt,licked
erstreckt,extends
nordische,nordic
phantom,phantom
schweif,tail
klauen,steal
missen,miss
leuten,people
bedien,service
jahren,years
falscher,counterfeiter
waden,wade
tanzend,dancing
verlier,lose
satan,Satan
verbitt,sorry
fabelbuch,fable book
geblieben,remained
baron,baron
kavalier,cavalier
kavaliere,cavaliers
zweifelst,doubt
wappen,coat of arms
unanständige,indecent
lacht,laughs
unmäßig,immoderately
schelm,rogue
umzugehn,deal with
bekannten,known
ältste,oldest
bitten,request
doppeln,double
flasche,bottle
zuweilen,at times
nasche,snack
mindsten,at least
stinkt,smells bad
unvorbereitet,unprepared
gedeihen,thrive
sprüche,sayings
tasse,Cup
klingen,sound
musik,music
meerkatzen,monkeys
fackel,torch
winkt,waves
fausten,fisting
rasenden,frenzied
abgeschmackteste,tasteless
possen,antics
strenger,stricter
emphase,emphasize
zehn,ten
vier,four
hex,hex
vollbracht,accomplished
neun,nine
keins,no
hexen-einmaleins,witches-101
dünkt,seems
fieber,fever
vollkommner,more perfect
widerspruch,contradiction
kluge,clever
verbreiten,spread
schwätzt,talks
ungestört,undisturbed
narrn,fool
befassen,deal with
glaubt,believes
müsse,must
verborgen,hidden
hunderttausend,hundred thousand
narren,fool
treffliche,excellent
sibylle,sibyl
rand,edge
graden,grade
schluck,swallow
zeremonien,ceremonies
schenkt,gives
hinunter,down
löst,solves
mög,possibly
schlückchen,sip
walpurgis,walpurgis
spüren,sense
notwendig,necessary
transpirieren,transpire
inn-,inside
äußres,outer
müßiggang,idleness
lehr,teaching
hernach,afterwards
empfindest,feel
innigem,intimate
cupido,Cupid
frauenbild,female image
muster,pattern
leibhaftig,in person
helenen,helen
vorübergehend,in the interim
fräulein,young lady
anzutragen,apply
ungeleitet,undirected
sitt-,moral
tugendreich,virtuous
schnippisch,snippy
zugleich,simultaneously
wange,cheek
vergeß,forget
niederschlägt,knocks down
geprägt,shaped
angebunden,connected
entzücken,delight
sprach,spoke
sünden,sin
hart,hard
unschuldig,innocent
ding,thing
beichte,confession
vierzehn,fourteen
liederlich,slovenly
blum,flower
dünkelt,dims
pflücken,pick
lobesan,lobesan
frieden,peace
süße,sweetness
ruht,rests
geschieden,divorced
gelegenheit,opportunity
geschöpfchen,creature
verführen,seduce
sprecht,speak
franzos,french
verdrießen,annoy
brimborium,fuss
püppchen,doll
geknetet,kneaded
zugericht,prepared
welsche,welsche
geschicht,story
appetit,appetite
schimpf,scold
allemal,anyway
einzunehmen,take
list,list
engelsschatz,angel sweetheart
ruheplatz,resting place
halstuch,bandana
strumpfband,garter
förderlich,conducive
dienstlich,official
weiden,graze
sorg,take care
geschenk,gift
schenken,give a gift
reüssieren,succeed
kenne,know
altvergrabnen,old buried
schatz,treasure
revidieren,revise
reinliches,clean
zöpfe,braids
flechtend,braiding
aufbindend,unbinding
wacker,brave
konnt,can
stirne,forehead
lesen—,read-
keck,bold
stillschweigen,be silent
bitte,please
herumspürend,groping around
aufschauend,looking up
willkommen,welcome
süßer,cutie pie
dämmerschein,twilight
heiligtum,sanctuary
durchwebst,weave through
ergreif,grasp
liebespein,love pain
lebst,live
atmet,breathes
zufriedenheit,satisfaction
armut,poverty
seligkeit,bliss
wirft,throws
ledernen,leather ones
bette,bed
vorwelt,prehistoric
offnen,open
väterthron,fathers throne
gehangen,hung
kinderwangen,children's cheeks
ahnherrn,ancestor
fromm,religious
geküßt,kissed
füll,fill
säuseln,whisper
mütterlich,maternal
teppich,carpet
sand,sand
kräuseln,ruffle
göttergleich,godlike
hütte,hut
himmelreich,Heaven
bettvorhang,bed curtain
wonnegraus,blissful
säumen,line
bildetest,formed
eingebornen,native
warmem,warm
angefüllt,stuffed
reinem,pure
entwirkte,effected
götterbild,idol
hergeführt,brought here
innig,intimate
gerührt,touched
armsel,poor
zauberduft,magic scent
liebestraum,Love dream
träte,step
würdest,would
frevel,outrage
hingeschmolzen,melted
kästchen,casket
leidlich,tolerable
hergenommen,taken
schrein,shrine
vergehn,pass away
sächelchen,sachet
wahren,true
lüsternheit,lust
tageszeit,time of day
weitre,further
müh,trouble
sparen,save
geizig,stingy
kratz,scratch
reib,rub
händen—,hands—
drückt,pushes
wenden,turn around
hörsaal,lecture hall
stünden,stand
physik,physics
metaphysika,metaphysics
schwül,humid
dumpfig,musty
drauß,outside
wie—,How-
übern,take over
leib—,body-
auszieht,undresses
thule,thule
treu,faithful
sterbend,dying
buhle,court
becher,a cup
gab,gave
darüber,about it
leert,empties
gingen,went
sooft,so often
daraus,from it
zählt,counts
städt,urban
gönnt,begrudges
königsmahle,royal banquets
ritter,knight
hohem,high
vätersaale,fathers hall
zecher,reveler
lebensglut,vitality
warf,threw
täten,would do
eröffnet,opened
einzuräumen,grant
schmuckkästchen,jewelry box
wunderbar,wonderful
drinne,inside
pfand,deposit
lieh,borrowed
schlüsselchen,key
edelfrau,noblewoman
feiertage,public holidays
gehören,belong
putzt,cleaning
ohrring,Earring
schönheit,beauty
erbarmen,mercy
golde,gold
gehend,walking
verschmähten,spurned
wüßte,knew
ärgers,trouble
fluchen,curse
kneipt,pinches
verschoben,delay
rasender,more frenzied
angeschafft,purchased
pfaff,pfaff
kriegt,gets
heimlich,secretly
schnuffelt,sniffs
gebetbuch,prayer book
riecht,smells
möbel,furniture
profan,profane
klar,clear
ungerechtes,unjust
befängt,caught
zehrt,consumes
weihen,consecrate
himmelsmanna,sky manna
margretlein,margretlein
schiefes,crooked
geschenkter,gift
gaul,horse
gottlos,godless
hierher,here
vernommen,heard
gesinnt,minded
überwindet,overcomes
kirche,church
magen,stomach
aufgefressen,eaten up
übergessen,eaten over
kirch,church
verdauen.,digest.
allgemeiner,more general
jud,jud
strich,stroke
drauf,on it
spange,clip
kett,warp
ring,ring
pfifferling,chanterelle
korb,basket
nüsse,nuts
lohn—,salary-
erbaut,built
unruhvoll,restless
geschmeide,jewelry
liebchens,darling
kummer,grief
leid,sorrow
geschmeid,sleek
kinderspiel,child's play
richt,dir
häng,hang
gnäd,mercy
verliebter,lover
verpufft,fizzles out
marthe,martha
stracks,straight
weint,cries
—o,-O
totenschein,death certificate
gretelchen,gretelchen
kniee,knees
ebenholz,ebony
reicher,richer
glücksel,lucky
kreatur,creature
gassen,streets
spazier,walk
stündchen,hour
spiegelglas,mirror glass
anlaß,reason
kettchen,chain
perle,pearl
ohr,ear
konnte,could
vorhängel,curtain
guckend,looking
herr—herein,sir—enter
hereinzutreten,enter
verzeihn,forgive
erbeten,asked for
margareten,margarets
schwerdtlein,Schwerdtlein
vornehmen,make
besuch,visit
genommen,taken
nachmittage,afternoons
wiederkommen,come back
denk,think
armes,poor
scharf,sharp
freut,is happy
verlange,require
sehr—,very-
frohere,happier
hoffe,hope
grüßen,greet
vergeh,go away
verzweifelt,desperate
traurige,sad
verlust,loss
tode,Deaths
erzählt,told
padua,padua
antonius,antony
wohlgeweihten,well consecrated
stätte,site
kühlen,cool
ruhebette,daybeds
dreihundert,three hundred
messen,measure
übrigen,rest
taschen,bags
leer,empty
schaustück,showpiece
säckels,bags
spart,saves
angedenken,remember
aufbewahrt,kept
hungert,starves
bettelt,begs
madam,madam
verzettelt,bogged down
bereute,regretted
fehler,mistake
bejammerte,lamented
unglücklich,unhappy
requiem,requiem
wäret,would be
liebenswürdig,lovely
derweil,Meanwhile
galan,beau
größten,biggest
himmelsgaben,heavenly gifts
landes,country
sterbebette,deathbed
mist,damn
halbgefaultem,half rotten
starb,died
fand,found
hassen,hate
gewerb,commercial
tötet,kills
vergäb,forgive
weinend,weeping
vergeben,forgive
ich.,I.
lügt,lies
grabs,grabs
fabelte,fabled
kenner,connoisseur
allerweitsten,widest
essen.,eat.
plackerei,drudgery
malta,Malta
betet,prays
brünstig,in heat
günstig,cheap
schiff,ship
türkisch,Turkish
fahrzeug,vehicle
fing,caught
sultans,sultan
führte,led
tapferkeit,bravery
empfing,received
gebührte,due
wohlgemeßnes,well measured
davon.,of that.
vergraben,buried
winde,wind
nahm,took
napel,naples
umherspazierte,strolled around
liebs,dear
treus,faithful
spürte,felt
elend,misery
schändlich,shameful
hindern,prevent
betraurt,mourned
züchtig,chaste
visierte,sighted
unterweil,meanwhile
schatze,sweethearts
herziger,heartier
närrchen,fool
liebte,loved
allzuviele,too many
würfelspiel,dice game
nachgesehen,checked
beding,conditional
scherzen,kid
beizeiten,in good time
hielte,hold
unschuldigs,innocent
n,n
zeugnis,transcript
wann,When
gestorben,died
wochenblättchen,weekly
zweier,two
zeugen,procreate
allerwegs,all the way
richter,judge
jungfrau,Virgo
knab,boy
gereist,travelled
fräuleins,miss
erweist,proves
schamrot,blushing
könige,kings
hinterm,behind the
garten,garden
warten,wait
fördern,support financially
ah,ah
kurzer,short
marthen,marthen
auserlesen,choice
kuppler-,coupler
zigeunerwesen,gypsy being
gültig,valid
ehherrn,husband
ausgereckte,outstretched
sancta,sancta
simplicitas,simply
bezeugt,testifies
wärt,would
erstemal,first time
abgelegt,filed
drin,inside
definitionen,definitions
frecher,cheekier
gestehen,confess
schwerdtleins,heavy little
gewußt,knew
sophiste,sophist
betören,beguile
seelenlieb,soulful
schwören,swear
ewiger,eternal
überallmächt,everywhere powers
triebe—,drive—
—wenn,-if
empfinde,feel
gewühl,crowded
schweife,roam
greife,grab
unendlich,infinite
nenne,name
teuflisch,devilish
lügenspiel,lying game
dies—,this-
schone,lovely
lunge—,lung-
behalten,keep
zunge,tongue
behält,keeps
schwätzens,chatter
überdruß,weariness
vorzüglich,excellent
faustens,fists
spazierend,walking
schont,gentle
beschämen,shame
reisender,Traveller
gütigkeit,goodness
fürliebzunehmen,love
erfahrnen,experience
unterhalten,converse
unterhält,entertains
küßt,kisses
inkommodiert,incommodated
küssen,kiss
rauh,rough
genau,Exactly
reist,travels
wieviel,how much
verläßt,leaves
raschen,dash
kömmt,coming
hagestolz,haughty
schleifen,ribbons
wohlgetan,well done
grausen,dread
werter,weather
beratet,advised
geläufig,common
freunde,friends
häufig,frequently
verständiger,more understanding
verständig,understanding
eitelkeit,vanity
kurzsinn,shortsense
einfalt,simplicity
unschuld,innocence
erkennt,recognizes
demut,humility
niedrigkeit,lowliness
liebevoll,lovingly
austeilenden,distributing
natur—,nature-
augenblickchen,moment
wirtschaft,business
versehen,Mistake
fegen,sweep
stricken,knit
nähn,sew
spat,late
akkurat,accurate
einzuschränken,restrict
r,right
hinterließ,left
vermögen,assets
häuschen,house
gärtchen,garden
soldat,soldier
schwesterchen,little sister
übernähm,took over
glich,equaled
vaters,father
erholte,recovered
langsam,slow
würmchen,wormy
tränken,soak
erzog,brought up
milch,milk
zappelte,wriggled
reinste,purest
bett,bed
durfte,could
schwieg,silent
aufstehn,get up
tänzelnd,prancing
kammer,chamber
waschtrog,washtub
markt,market
herde,herd
mutig,brave
schmeckt,tastes
schwerlich,hardly
käme,would come
euresgleichen,your kind
gefunden,found
irgendwo,somewhere
gebunden,bound
sprichwort,saying
braves,braves
perlen,beads
bekommen,receive
höflich,polite
aufgenommen,recorded
versteh,understand
—daß,-that
gütig,kind
kanntest,knew
saht,saw
schlug,struck
verzeihst,forgive
frechheit,cheek
unterfangen,undertake
jüngst,recently
dom,Dom
bestürzt,dismayed
übels,bad
betragen,be
freches,cheeky
unanständiges,indecent
anzuwandeln,convert
gradehin,outright
handeln,act
begonnte,started
bös,bad
pflückt,picks
sternblume,star flower
zupft,plucks
strauß,ostrich
rupft,plucks
murmelt,mumbles
murmelst,mumbling
halblaut,softly
mich—liebt,me—loves
himmelsangesicht,skyface
mich—nicht—liebt,loves—not—me
mich—nicht—,not me-
ausrupfend,plucking
holder,holder
blumenwort,flower word
götterausspruch,god saying
verstehst,understand
hände,hands
schaudre,shudder
händedruck,handshake
unaussprechlich,unspeakable
hinzugeben,add
—ihr,-her
kommend,coming
bät,beg
nachbarn,neighbors
gered,talked
pärchen,pair
aufgeflogen,busted
mutwill,wanton
sommervögel,summer birds
fingerspitze,fingertip
guckt,looks
ritze,scratch
neckst,teasing
treff,meet
fassend,grasping
zurückgebend,returning
bester,best
stampfend,stomping
geleiten,escort
mich—lebt,me—lives
ade,goodbye
baldig,early
unwissend,ignorant
begreife,understand
findt,finds
erhabner,sublime
gabst,gave
bat,asked
zugewendet,turned towards
königreich,kingdom
staunenden,amazed
erlaubst,allow
vergönnest,allow
freunds,friend's
führst,lead
lehrst,teach
brüder,brothers
busch,bush
walde,walde
braust,roars
knarrt,creaks
riesenfichte,giant spruce
stürzend,falling
nachbaräste,neighboring branches
nachbarstämme,neighboring tribes
quetschend,squeezing
niederstreift,strikes down
fall,case
dumpf,dull
donnert,thunders
sichern,back up
zeigst,show
öffnen,open
besänftigend,soothing
silberne,silver
lindern,alleviate
betrachtung,Consideration
vollkommnes,perfect
empfind,feel
gefährten,companions
frech,cheeky
erniedrigt,humiliated
worthauch,worthalso
facht,folds
wildes,wild
tauml,dizzy
begierde,desire
verschmacht,faints
gnug,enough
hättest,would have
ernste,serious
unhold,fiend
barsch,perch
ennuyiert,ennuyed
kribskrabs,krib crabs
imagination,imagination
kuriert,cured
erdball,globe
abspaziert,walked
höhlen,caves
felsenritzen,rock carving
schuhu,shoo
versitzen,miss
schlurfst,shuffle
dumpfem,dull
moos,moss
triefendem,dripping
gestein,rock
kröte,toad
lebenskraft,vitality
wandel,change
öde,barren
wärest,would be
gönnen,treat
überirdisches,unearthly
vergnügen,enjoyment
gebirgen,mountains
wonniglich,blissfully
aufschwellen,swell
mark,mark
ahnungsdrang,thirst for knowledge
durchwühlen,rummage through
tagewerk,daily work
stolzer,prouder
liebewonniglich,lovely
überfließen,overflow
intuition—,intuition-
wie—zu,how to
gesittet,mannered
keuschen,chaste
keusche,chaste
gelegentlich,occasionally
vorzulügen,lie to
abgetrieben,aborted
währt,lasts
aufgerieben,worn out
graus,horror
dadrinne,inside
übermächtig,overpowering
liebeswut,madness
übergeflossen,overflowed
geschmolznen,melted
schnee,snow
bächlein,streamlet
gegossen,cast
seicht,shallow
anstatt,instead of
wäldern,woods
thronen,enthrone
affenjunge,monkey boy
belohnen,reward
stadtmauer,city ​​wall
vöglein,little bird
munter,lively
meist,most of time
betrübt,saddened
ausgeweint,cried out
verliebt,in love
gelt,applies
fange,catch
verruchter,wicked
hebe,lift
begier,desire
verrückten,crazy
seist,are
entflohn,escaped
beneide,envy
berühren,touch
beneidet,envied
zwillingspaar,pair of twins
rosen,roses
weidet,grazes
entfliehe,escape
kuppler,coupler
schimpft,scolds
bub,boy
erkannte,realized
edelsten,noblest
beruf,profession
himmelsfreud,heaven joy
erwarmen,heat
unbehauste,homeless
unmensch,inhuman
wassersturz,water fall
brauste,roared
begierig,eager
abgrund,Abyss
kindlich,childlike
hüttchen,cottage
alpenfeld,alpine field
häusliches,domestic
umfangen,embrace
gottverhaßte,god hated
faßte,grasped
untergraben,undermine
mußtest,had to
hilf,help
verkürzen,shorten
geschick,skill
zusammenstürzen,collapse
siedet,boils
glüht,glows
tröste,comfort
köpfchen,brains
ausgang,exit
tapfer,brave
eingeteufelt,deviled
abgeschmackters,tasteless
spinnrad,spinning wheel
nimmer,never
vergällt,denatured
zerstückt,dismembered
mundes,mouth
lächeln,smile
zauberfluß,magic river
vergehen,pass away
versprich,promise
heinrich,Heinrich
religion,religion
fühlst,feel
sakramente,sacraments
verlangen,demand
messe,industrial fair
glaubst,believe
priester,priest
antwort,answer
spott,mockery
frager,questioner
mißhör,mishear
unterwinden,subdue
allumfasser,all-encompassing
allerhalter,all-encompassing
erhält,receives
wölbt,arches
blickend,looking
aug,Aug
auge,eye
haupt,main
ewigem,eternal
sichtbar,visible
erfüll,fulfill
nenn,name
name,Surname
schall,sound
umnebelnd,foggy
himmelsglut,sky glow
sprache,language
schief,wrong
christentum,Christianity
wieso,how come
innrer,inner
stich,Sting
widrig,adverse
puppe,puppet
fürcht,afraid
sehne,tendon
unrecht,wrong
käuze,owls
seinesgleichen,his own kind
spöttisch,mockingly
ergrimmt,angry
anteil,portion
stirn,forehead
schnürt,laces
ahnungsvoller,more foreboding
übermannt,overpowered
antipathie,antipathy
alleine,alone
schlief,slept
betroffen,affected
umhüllen,encase
tiefem,deep
schlaf,sleep
hoffentlich,hopefully
übrigbleibt,remains
grasaff,grass monkey
spioniert,spied
ausführlich,detailed
katechisiert,catechized
mädels,girls
interessiert,interested
schlicht,plain
altem,old
duckt,ducks
ungeheuer,enormous
seligmachend,beatific
quäle,torment
übersinnlicher,more psychic
sinnlicher,more sensual
mägdelein,girl
nasführet,wet
spottgeburt,mock birth
dreck,dirt
physiognomie,physiognomy
meisterlich,masterly
mäskchen,mask
weissagt,prophesies
verborgnen,hidden
genie,genius
nacht—,night-
lieschen,read
krügen,pitchers
bärbelchen,bärbelchen
betört,infatuated
vornehmtun,do
füttert,feeds
ißt,eats
ergangen,made
dorf,village
tanzplatz,dance place
kurtesiert,courtesy
pastetchen,patty
bildt,forms
ehrlos,dishonorable
schämen,be ashamed
geschenke,gifts
anzunehmen,accept
gekos,kissed
geschleck,tasted
blümchen,flowers
bedauerst,regret
unsereins,us
spinnen,be crazy
nachts,at night
hinunterließ,let down
buhlen,woo
türbank,door bench
ducken,duck
sünderhemdchen,sinner shirt
kirchbuß,church penance
narr,fool
flinker,more nimble
anderwärts,elsewhere
kränzel,wreath
reißen,tear
schmälen,belittle
mägdlein,girl
schwärzt,blackens
bloß,just
doch—alles,Yes everything
mauerhöhle,wall cave
andachtsbild,devotional picture
mater,mater
dolorosa,dolorosa
blumenkruge,flower jar
davor,before
kruge,pitchers
neige,incline
schmerzenreiche,painful
gnädig,gracious
schwert,sword
sohnes,son
seufzer,sigh
schickst,send
wühlet,digs
banget,afraid
verlanget,required
zerbricht,breaks
betaut,dew
frühen,early
hell,bright
rette,save
valentin,valentine
gretchens,gretchen
gelag,ate
berühmen,famous
flor,flor
gepriesen,praised
vollem,full
verschwemmt,blurred
aufgestemmt,pryed up
schwadronieren,rant
streiche,prank
lächelnd,smiling
kriege,get
trauten,dared
gretel,gretel
gleicht,equals
schwester,sister
reicht,suffices
kling,sound
schrieen,screamed
zier,ornamental
geschlecht.,gender.
saßen,sat
lober,lob
stumm,mute
auszuraufen,break out
wänden,walls
hinaufzulaufen,run up
stichelreden,teasing
naserümpfen,blow your nose
schurke,villain
beschimpfen,scold
schuldner,debtor
zufallswörtchen,random words
zusammenschmeißen,throw together
schleicht,sneaks
felle,skins
sakristei,sacristy
aufwärts,upwards
lämpchens,lamp
flämmert,blazes
schwächer,weaker
dämmert,dawns
nächtig,nocturnal
kätzlein,kitten
schmächtig,slight
feuerleitern,fire escapes
leis,quiet
tugendlich,virtuous
diebsgelüst,thieving
rammelei,banging
spukt,haunted
walpurgisnacht,Walpurgis Night
übermorgen,day after tomorrow
flimmern,flicker
kesselchen,kettle
herauszuheben,single out
schielte,squinted
neulich,recently
löwentaler,lion thaler
perlenschnüren,strings of pearls
wahres,true
kunststück,sleight of hand
sing,sing
moralisch,morally
zither,zither
machst,do
kathrinchen,Catherine
frühem,earlier
tagesblicke,day views
dinger,things
zulieb,too nice
lockst,lures
vermaledeiter,damned
rattenfänger,rat catcher
instrument,instrument
sänger,singer
schädelspalten,skull cracks
gewichen,given way
flederwisch,feather dust
zugestoßen,happened
pariere,parry
lahm,lame
stoß,bump
lümmel,lout
mörderlich,murderous
polizei,police
blutbann,bloodbane
abzufinden,reconcile
schilt,scolds
rauft,fights
heraustretend,stepping out
allmächtiger,almighty
sterbe,die
balder,sooner
heult,howls
klagt,complains
gescheit,clever
hur,hur
herrgott,goodness gracious
fingst,caught
mehre,several
dutzend,dozen
schande,shame
schleier,veil
ermorden,murder
häßlicher,uglier
tages,day
brave,brave
bürgersleut,bourgeois
angesteckten,infected
leichen,corpses
metze,butcher
seitab,since
verzagen,despair
altar,altar
spitzenkragen,lace collar
wohlbehagen,comfort
finstre,dark
jammerecken,whine corners
krüppel,cripple
verstecken,hide
vermaledeit,damned
befehlt,commands
lästrung,nuisance
laden,load
kupplerisches,pimping
vergebung,forgiveness
höllenpein,agony
sprachst,spoke
schwersten,heaviest
herzensstoß,heartbreak
todesschlaf,death sleep
stirbt,dies
amt,government office
orgel,organ
vielem,much
tratst,kicked
vergriffnen,out of print
büchelchen,booklet
gebete,prayers
lalltest,babble
kinderspiele,children games
missetat,misdeed
betst,bed
hinüberschlief,slept over
—und,-and
quillend,swelling
ängstet,afraid
irae,irae
illa,illa
solvet,solvet
saeclum,saeclum
favilla,favilla
orgelton,organ tone
posaune,trombone
gräber,graves
aschenruh,ashes
flammenqualen,flame agony
aufgeschaffen,created
bebt,trembles
atem,breath
versetzte,rejoined
löste,solved
judex,judex
ergo,ergo
cum,cum
sedebit,sedebit
quidquid,quid quid
latet,late
adparebit,adparbit
nil,Nile
inultum,inultum
remanebit,remanebit
mauernpfeiler,pillar
—luft,-air
verbirg,hide
sünd,sin
quid,quid
sum,sum
miser,miserable
tunc,tune
dicturus,dictus
quem,comfortable
patronum,patronage
rogaturus,rogaturus
vix,vix
justus,justus
sit,seated
securus,securus
verklärte,glorified
schauert,shivers
ohnmacht,passed out
harzgebirg,harz mountains
gegend,area
schierke,sherke
verlangst,require
besenstiele,broomsticks
allerderbsten,most serious
beinen,legs
genügt,enough
knotenstock,knot stick
verkürzt,shortened
labyrinth,labyrinth
hinzuschleichen,sneak up
ersteigen,climb
sprudelnd,bubbly
würzt,spices
frühling,spring
birken,birch
fichte,Spruce
winterlich,wintry
frost,frost
traurig,sad
unvollkommne,imperfect
scheibe,disc
monds,moon
später,later
leuchtet,shines
rennt,runs
erlaub,allow
irrlicht,will-o'-the-wisp
lustig,fun
heda,hey
fodern,demand
lodern,blaze
ehrfurcht,awe
leichtes,light
naturell,natural
zickzack,zigzag
nachzuahmen,imitate
teufels,devil
blas,blow
flackerleben,flicker life
merke,notice
zaubertoll,magical
weisen,point
wechselgesang,antiphonal
traum-,dream-
zaubersphäre,magic sphere
eingegangen,received
öden,desolate
räumen,vacate
bäumen,tree
vorüberrücken,pass
klippen,cliffs
bücken,bend over
felsennasen,rock noses
schnarchen,snoring
blasen,blow
steine,stones
rasen,lawn
eilet,hurry
bach,stream
liebesklage,love lament
himmelstage,sky days
echo,echo
hallet,hall
uhu,ugh
kauz,little owl
kiebitz,lapwing
häher,jay
molche,newts
gesträuche,bushes
dicke,thickness
bäuche,bellies
wurzeln,root
schlangen,snakes
sande,sand
bande,band
belebten,busy
derben,rough
masern,measles
polypenfasern,polyp fibers
wandrer,wanderer
tausendfärbig,thousand colors
scharenweise,in droves
funkenwürmer,sparkworms
gedrängten,crowded
schwärmezügen,swarm trains
verwirrenden,confusing
geleite,escort
weitergehen,move on
drehen,turn
schneiden,cut
lichter,lights
mehren,increase
blähen,bloat
zipfel,tip
mittelgipfel,middle peak
seltsam,strange
glimmert,glimmers
gründe,reasons
morgenrötlich,dawn reddish
trüber,cloudier
schlünde,gorges
abgrunds,abyss
wittert,smells
dampf,steam
schwaden,swath
zarter,more tender
strecke,route
ecke,corner
vereinzelt,isolated
sprühen,spray
funken,spark
ausgestreuter,spread out
felsenwand,rock wall
feste,fixed
palast,palace
windsbraut,wind bride
schlägen,beat
nacken,neck
felsens,rock
rippen,rip
packen,pack
gruft,tomb
verdichtet,compacted
wälder,forests
kracht,cracks
aufgescheucht,startled
eulen,owls
splittern,splinter
säulen,columns
grüner,greener
paläste,palaces
girren,coo
äste,branches
stämme,tribes
mächtiges,powerful
dröhnen,roar
knarren,creak
gähnen,yawning
fürchterlich,terrible
verworrenen,tangled
falle,cases
übereinander,on top of each other
krachen,crash
übertrümmerten,overwhelmed
klüfte,gaps
zischen,hiss
hörst,hear
entlang,along
wütender,angrier
zaubergesang,magic song
brocken,chunk
gelb,yellow
hauf,bunch
urian,uranium
farzt,farts
reitet,rode
mutterschwein,mother pig
gebührt,due
tüchtig,efficient
hexenhauf,heap of witches
ilsenstein,ilsenstein
eule,owl
nest,nest
fahre,drive
reitst,ride
geschunden,flayed
wunden,wounds
toller,great
gabel,fork
kratzt,scratches
erstickt,suffocated
platzt,bursts
hexenmeister,Sorcerer
halber,because
schleichen,sneak
schneck,snail
hälfte,half
schritten,paced
eilen,rush
sprunge,jump
felsensee,rock lake
waschen,wash
blank,blank
unfruchtbar,barren
schweigt,is silent
wind,wind
sausen,swish
sprüht,sprays
zauberchor,magic choir
feuerfunken,fire sparks
haltet,hold
felsenspalte,crevice
gipfel,summit
erreichen,reach
meinesgleichen,my kind
verlorner,lost
halbhexe,half witch
tripple,tripple
salbe,ointment
lumpen,rags
segel,sail
trog,trough
flog,flew
streichet,deletes
hexenheit,witchcraft
stößt,bumps
ruscht,slips
klappert,rattles
zischt,hisses
plappert,babbles
hexenelement,witch element
getrennt,separated
hingerissen,entranced
hausrecht,domiciliary rights
voland,voland
satz,sentence
gedräng,crowd
entweichen,escape
dortneben,over there
besondrem,especially
sträuchen,shrubs
schlupfen,Hatch
widerspruchs,contradiction
beliebig,any
hieselbst,here
isolieren,isolate
muntrer,livelier
klub,club
wirbelrauch,swirl smoke
rätsel,puzzle
lösen,solve
knüpft,ties
hausen,live
hergebracht,brought here
hexchen,witch
nackt,naked
verhüllen,cloak
meinetwillen,for my sake
geschnarr,snarled
gewöhnen,get used to
tret,step
sagst,say
schwatzt,chatter
kocht,cooks
einzuführen,introduce
zaubrer,magician
produzieren,produce
inkognito,incognito
galatag,gala day
orden,medal
knieband,knee band
zeichnet,draws
schnecke,snail
herangekrochen,crawled up
tastenden,groping
abgerochen,sniffed
verleugn,deny
werber,recruiter
verglimmende,smoldering
kohlen,coal
mitte,center
fände,find
saus,great
umzirkt,circumscribed
jugendbraus,youth shower
general,general
nationen,nations
trauen,trust
lobe,praise
galten,were valid
parvenü,parvenu
sollten,should
erhalten,receive
wollten,wanted to
autor,author
überhaupt,at all
schrift,writing
mäßig,moderate
klugem,clever
inhalt,contents
naseweis,cheeky
jüngsten,youngest
gereift,matured
hexenberg,witch mountain
ersteige,climb
fäßchen,keg
trödelhexe,junk witch
aufmerksam,attentive
blickt,looks
dahier,here
tücht,do
gereicht,enough
geflossen,flowed
kelch,goblet
gesunden,healthy
verzehrend,consuming
heißes,hot
ergossen,poured out
verführt,seduced
bund,Federation
gebrochen,Broken
hinterrücks,behind
gegenmann,counterman
durchstochen,pierced
verleg,published
neuigkeiten,news
vergesse,forget
heiß,hot
schieben,push
geschoben,pushed
lilith,lilith
adams,adams
prangt,flaunts
erlangt,obtained
gesprungen,jumped
apfelbaum,apple tree
äpfel,apples
glänzten,shined
reizten,irritated
stieg,rose
äpfelchen,apples
paradiese,paradises
wüsten,desert
gespaltnen,split
ungeheures,tremendous
gefiel,liked
biete,offer
scheut,shy
proktophantasmist,proctophantasmist
untersteht,is subordinate to
bewiesen,proven
ordentlichen,ordinary
ball,ball
tanzen,dance
beschwätzen,chatter away
ärgert,annoys
wolltet,wanted
hieß,was called
begrüßen,greet
unerhört,unheard of
aufgeklärt,enlightened
teufelspack,devil pack
regel,rule
dennoch,nonetheless
tegel,tegel
hinausgekehrt,swept out
geistesdespotismus,mental despotism
exerzieren,drill
fortgetanzt,danced away
bezwingen,subdue
pfütze,puddle
soulagiert,souled
blutegel,leech
steiß,rump
getreten,kicked
lässest,let
mitten,in the middle
gesange,sung
sprang,jumped
mäuschen,mouse
schäferstunde,shepherd hour
ich—,I-
mephisto,mephisto
blasses,pale
schiebt,pushes
geschloßnen,closed
deucht,thinks
zauberbild,magic picture
leblos,lifeless
idol,idol
erstarrt,stiffens
verkehrt,wrong
meduse,medusa
geboten,required
verführter,seduced
sonderbar,strange
schnürchen,string
schmücken,decorate
breiter,wider
messerrücken,knife back
ebenfalls,also
perseus,persian
abgeschlagen,knocked off
hügelchen,hillock
prater,prater
theater,theatre
servibilis,servibilis
dilettant,dilettante
dilettanten,amateurs
verschwinde,go away
dilettiert,dilettante
vorhang,curtain
aufzuziehn,raise
oberons,oberons
titanias,titanias
hochzeit,marriage
intermezzo,intermezzo
theatermeister,theater master
ruhen,rest
miedings,meanwhile
wackre,brave
feuchtes,wet
herold,herald
golden,golden
solln,should
funfzig,fifty
streit,dispute
oberon,oberon
verbunden,tied together
puck,puck
schleift,grinds
hinterher,after
ariel,ariel
fratzen,make faces
gatten,husband
zweie,two
titania,titania
schmollt,sulks
grillt,grilled
behende,nimble
orchester,orchestra
tutti,tutti
fortissimo,fortissimo
fliegenschnauz,fly muzzle
mückennas,mosquito-nosed
anverwandten,related
laub,leaves
grill,grill
musikanten,musicians
solo,solo
dudelsack,bagpipes
seifenblase,bubble
schneckeschnickeschnack,snail bells and whistles
stumpfe,dull
spinnenfuß,spider foot
krötenbauch,toad belly
flügelchen,little wings
wichtchen,weight
tierchen,animal
gedichtchen,poem
sprung,Leap
honigtau,honeydew
düfte,scents
trippelst,tripping
neugieriger,curious
maskeradenspott,masquerade mockery
orthodox,orthodox
griechenlands,Greece
nordischer,more nordic
ergreife,seize
skizzenweise,sketchy
bereite,ready
beizeit,in good time
italien,Italy
schen,s
purist,purist
geludert,paid
hexenheer,witch army
gepudert,powdered
puder,powder
graue,grey
weibchen,female
derbes,coarse
leibchen,camisole
matrone,matron
maulen,moan
zart,tender
verfaulen,rot
kapellmeister,conductor
umschwärmt,adored
nackte,naked
takte,bars
windfahne,wind vane
wünschen,wish
lauter,volume up
bräute,brides
junggesellen,bachelors
hoffnungsvollsten,most hopeful
verschlingen,devour
behendem,nimble
insekten,insects
scharfen,sharpen
scheren,scissors
papa,father
hennings,hennings
naiv,naive
hätten,had
musaget,musaget
anzuführen,lead
ci-devant,ci-devant
genius,genius
deutsche,German
parnaß,parnassus
steife,stiffness
schnopert,sniffs
schnopern,sniff
jesuiten.,Jesuit.
klaren,clear up
fischen,fishing
frommen,pious
teufeln,devil
mischen,Mix
weltkind,world child
vehikel,vehicle
konventikel,conventicle
trommeln,drums
rohr,pipe
unisonen,unisons
dommeln.,bellowing.
tanzmeister,dance master
lupft,lifts
herauszieht,pulls out
krumme,crooked
hupft,hops
aussieht,looks
fiedler,fiddler
lumpenpack,rags
restchen,scraps
eint,unite
orpheus,Orpheus
leier,lyre
bestjen,bestj
dogmatiker,dogmatist
lasse,let
kritik,criticism
idealist,idealist
herrisch,bossy
närrisch,foolish
realist,realist
baß,bass
stehe,stand
erstenmal,first time
supernaturalist,supernaturalist
freue,am happy
skeptiker,skeptic
flämmchen,flame
glaubn,believe
reimt,rhymes
gewandten,dexterous
sanssouci,sanssouci
heer,army
geschöpfen,created
köpfen,behead
unbehilflichen,unhelpful
bissen,bite
erschranzt,bruised
befohlen,ordered
schuhe,shoes
durchgetanzt,danced through
nackten,bare
sohlen,soles
irrlichter,will-o'-the-wisps
sumpfe,swamp
entstanden,developed
glänzenden,shiny
galanten,gallant
sternschnuppe,shooting star
stern-,star-
feuerscheine,fire lights
liege,lie
massiven,massive
ringsherum,around
gräschen,grassy
tretet,kicks
mastig,fattening
elefantenkälber,elephant calves
plumpst,plops
derbe,rough
rosenhügel,rose hill
pianissimo,pianissimo
wolkenzug,cloud train
nebelflor,foggy
erhellen,brighten up
verzweifelnd,desperate
verirrt,lost
missetäterin,offender
entsetzlichen,horrible
qualen,torment
eingesperrt,locked
unselige,unfortunate
geschöpf,creature
—verräterischer,— more treacherous
nichtswürdiger,worthless
verheimlicht,concealed
—steh,—stand
wälze,roll
teuflischen,devilish
ingrimmend,fiercely
trutze,truss
unerträgliche,unbearable
unwiederbringlichen,irretrievable
richtenden,judging
gefühllosen,callous
wiegst,weigh
abgeschmackten,tasteless
zerstreuungen,distractions
verbirgst,hide
wachsenden,growing
hilflos,helpless
abscheuliches,abominable
untier,monster
—wandle,—walk
unendlicher,more infinite
wandle,walk
hundsgestalt,dog form
nächtlicherweile,at night
herzutrotten,trot
harmlosen,harmless
kollern,rumbling
niederstürzenden,falling
schultern,Shoulders
wandl,change
lieblingsbildung,favorite education
krieche,crawl
trete,step
verworfnen,discarded
—jammer,— sorry
menschenseele,soul
elendes,miserable
versank,sank
genugtat,enough
windenden,squirming
todesnot,deadly
verzeihenden,forgiving
wühlt,digs
einzigen,single
tausenden,thousands
grenze,border
witzes,jokes
überschnappt,snapped
gemeinschaft,community
durchführen,carry out
schwindel,dizziness
drangen,penetrated
fletsche,bare
gefräßigen,voracious
zähne,teeth
—großer,-greater
herrlicher,more glorious
würdigtest,appreciate
kennest,know
schandgesellen,disgraceful
schmieden,forge
letzt,last
endigst,finally
gräßlichsten,ghastliest
jahrtausende,millennia
rächers,avengers
öffnen.—,open.-
—wer,-who
greifst,grab
donner,thunder
elenden,wretched
entgegnenden,counter
zerschmettern,shatter
tyrannenart,bully kind
verlegenheiten,embarrassments
bringe,bring
aussetzest,expose
wisse,know
blutschuld,blood debt
erschlagenen,slain
rächende,avenging
lauern,lurk
wiederkehrenden,recurring
mord,murder
befrei,free
türners,turners
umnebeln,fog
bemächtige,seize
menschenhand,human hand
wache,guard
zauberpferde,magic horses
entführe,kidnap
pferden,horses
daherbrausend,roaring along
rabenstein,raven stone
neigen,tend
hexenzunft,witches guild
eisernen,iron
türchen,door
entwohnter,more weaned
mauer,wall
verbrechen,crime
zauderst,hesitant
fürchtest,fear
wiederzusehen,see again
zögert,hesitates
umgebracht,killed
gessen,eaten
schwesterlein,sister
hub,hub
bein,leg
waldvögelein,forest birds
fliege,Fly
aufschließend,unlocking
ahnet,suspects
geliebte,Lover
ketten,chains
klirren,clink
rauscht,rustles
verbergend,hiding
bittrer,more bitter
hinwälzend,tossing and turning
wächter,Guardian
schlafe,sleep
aufzuschließen,unlock
knien,kneel
holst,get
erbarme,have mercy
zeitig,in time
flehen,beg
überstehen,survive
herzt,hertz
nahmen,took
kränken,offend
märchen,fairy tale
endigt,ends
deuten,interpret
jammerknechtschaft,wretched bondage
anzurufen,call
stufen,stages
furchtbarem,terrible
grimme,grim
getöse,roar
freundes,friends
rufen,call
wehren,fight back
klappen,succeed
grimmigen,grim
liebenden,loving
kerkers,dungeon
retten,rescue
gerettet,rescued
heitere,cheerful
fortstrebend,striving
weilest,are staying
liebkosend,caressing
eilest,hurry
verlernt,unlearned
halse,jibe
überdrang,overpowered
küßtest,kissed
wolltest,wanted
küsse,kisses
küß,kiss
umfaßt,includes
brachte,brought
folge,consequence
herze,hearts
tausendfacher,thousandfold
gewendet,turned
scheust,shy
befreist,freed
ertränkt,drowned
auch.—du,you too
—ach,-Oh
feucht,moist
wische,wipe
stecke,stuck
vergangne,past
vergangen,past
übrigbleiben,left over
beiseit,aside
schmiegen,nestle
süßes,cute
dahinaus,beyond that
lauert,lurks
ruhebett,daybed
schritt—,step-
wolle,wool
fliehn,flee
betteln,beg
bösem,evil
gewissen,conscience
steg,web
planke,plank
teich,pond
faß,barrel
zappelt,wriggles
besinne,reflect
wackelt,wobbles
kopfe,head
nickt,nods
freuten,rejoiced
glückliche,happy
hinwegzutragen,carry away
mörderisch,murderous
hochzeittag,wedding day
kranze,wreaths
glocke,Bell jar
stäbchen,rod
blutstuhl,blood stool
entrückt,enraptured
schärfe,sharpness
zückt,draws
unnützes,useless
zaudern,hesitation
plaudern,chat
schaudern,shudder
gericht,court
lagert,stores
bewahren,maintain
gerichtet,directed
innen,Inside
verhallend,fading away
